Task,Size,Question,Answer,Label,Series
"[""volatility"", ""seasonal"", ""trend""]",256,"You are a time series analysis expert. Here is a time series of length 256: <<Time_Series>>, please analyze the time series features and answer the following questions:
1. What are the noise characteristics of this time series? Please choose from [""noisy"", ""almost no noise""]. Answer format: noisy, the overall noise standard deviation is around 1.5.
2. What is the periodicity of this time series? Please choose from [""no periodic fluctuation"", ""periodic fluctuation""]. If there is periodic fluctuation, describe the fluctuation frequency and amplitude. Answer format: periodic fluctuation, each period is around 20.58 points, and the amplitude of the periodic fluctuation is around 31.51.
3. What is the trend of this time series (considering the slope of the curve)? Please choose from [""steady"", ""decreasing"", ""increasing""] and describe the value trend change. Answer format: steady, the starting point value is around 32.10, and the trend change value from left to right is around 0.12.
Now, based on the above questions, please strictly follow the output format requirements and provide the answers. Each line corresponds to an answer to a question, formatted as:1. Strictly formatted answer 1
2. Strictly formatted answer 2
3. Strictly formatted answer 3","1. noisy, the overall noise standard deviation is around 0.93.
2. no periodic fluctuation
3. keep steady, the starting point value is around -33.91, and the trend change value from left to right is around -4.18.
","[{""type"": ""noisy"", ""std"": 0.93}, {""type"": ""no periodic fluctuation"", ""period"": 0.0, ""amplitude"": 0.0}, {""type"": ""keep steady"", ""start"": -33.91, ""amplitude"": -4.18}]","[-33.91, -33.14, -33.09, -33.04, -32.41, -32.77, -34.75, -32.08, -29.57, -31.78, -31.88, -30.42, -32.48, -31.93, -34.87, -34.96, -30.96, -31.21, -33.31, -35.64, -32.37, -29.49, -29.01, -29.4, -28.88, -29.62, -30.54, -30.21, -28.67, -30.37, -36.74, -29.27, -32.53, -32.42, -36.38, -33.49, -35.43, -35.53, -39.09, -35.75, -37.79, -35.07, -35.48, -34.13, -36.17, -33.4, -36.68, -37.37, -34.83, -34.01, -34.89, -30.69, -31.52, -31.66, -33.06, -33.0, -33.33, -33.62, -35.07, -34.13, -34.34, -32.57, -32.79, -33.23, -33.7, -33.62, -33.13, -33.39, -29.3, -31.89, -32.5, -34.42, -34.32, -33.16, -35.18, -35.52, -33.15, -31.96, -34.31, -34.77, -31.39, -31.77, -30.26, -31.29, -29.11, -29.97, -29.61, -30.57, -29.89, -32.35, -35.81, -30.64, -29.02, -29.73, -33.5, -32.57, -33.97, -33.81, -36.06, -33.53, -34.05, -34.1, -32.07, -33.8, -32.8, -32.67, -32.89, -35.21, -32.26, -32.27, -32.34, -33.35, -30.94, -31.98, -32.64, -31.88, -31.15, -41.99, -50.35, -44.43, -48.55, -44.64, -48.41, -46.07, -47.82, -48.51, -48.15, -47.5, -48.97, -49.19, -48.09, -46.82, -43.74, -41.99, -44.49, -42.05, -35.53, -36.39, -39.52, -39.24, -34.19, -33.0, -32.33, -31.9, -31.16, -28.95, -28.55, -33.32, -30.79, -31.58, -33.79, -30.68, -29.96, -30.72, -35.06, -33.59, -37.57, -35.49, -36.17, -36.25, -35.67, -35.18, -34.67, -34.29, -33.88, -32.67, -34.11, -36.45, -34.34, -34.09, -32.95, -33.67, -35.11, -34.07, -34.19, -34.87, -34.91, -35.14, -34.39, -34.24, -33.91, -33.7, -34.6, -35.45, -35.78, -35.64, -34.19, -43.35, -64.46, -48.66, -36.7, -35.19, -34.88, -50.06, -67.98, -39.02, -36.5, -35.75, -52.79, -67.61, -46.82, -35.87, -34.99, -45.23, -55.64, -54.91, -35.82, -33.21, -35.34, -35.21, -36.99, -36.66, -35.59, -35.69, -36.27, -36.44, -35.17, -37.59, -36.77, -38.59, -36.5, -38.47, -35.92, -37.76, -35.15, -36.96, -36.55, -37.22, -34.83, -35.03, -36.09, -35.25, -35.94, -37.22, -36.89, -35.53, -36.4, -34.89, -35.08, -35.31, -36.98, -34.82, -37.04, -35.5, -35.66, -35.66, -38.38, -35.58, -34.58, -34.54, -35.84, -36.77, -36.97, -36.37, -39.39, -38.09]"
"[""outlier"", ""volatility"", ""seasonal""]",256,"You are a time series analysis expert. Here is a time series of length 256: <<Time_Series>>, please analyze the time series features and answer the following questions:
1. What are the local characteristic fluctuations of this time series? The optional types of local characteristic fluctuations include: [""continuous downward spike"", ""continuous upward spike"", ""decrease after downward spike"", ""decrease after upward spike"", ""downward convex"", ""downward spike"", ""increase after downward spike"", ""increase after upward spike"", ""rapid decline followed by slow rise"", ""rapid rise followed by slow decline"", ""shake"", ""slow decline followed by rapid rise"", ""slow rise followed by rapid decline"", ""sudden decrease"", ""sudden increase"", ""upward convex"", ""upward spike"", ""wide downward spike"", ""wide upward spike""]. You need to analyze all the characteristic fluctuations that appear in this time series and answer each type, position, and amplitude in the format. Different local characteristic fluctuations should be separated by semicolons. Answer format: shake, position around point 125, amplitude 135.03; small sudden decrease, position around point 102, amplitude 31.05.
2. What are the noise characteristics of this time series? Please choose from [""noisy"", ""almost no noise""]. Answer format: noisy, the overall noise standard deviation is around 1.5.
3. What is the periodicity of this time series? Please choose from [""no periodic fluctuation"", ""periodic fluctuation""]. If there is periodic fluctuation, describe the fluctuation frequency and amplitude. Answer format: periodic fluctuation, each period is around 20.58 points, and the amplitude of the periodic fluctuation is around 31.51.
Now, based on the above questions, please strictly follow the output format requirements and provide the answers. Each line corresponds to an answer to a question, formatted as:1. Strictly formatted answer 1
2. Strictly formatted answer 2
3. Strictly formatted answer 3","1. sudden decrease, position around point 237, amplitude 12.55; continuous downward spike, position around point 119, amplitude 29.67; wide downward spike, position around point 54, amplitude 13.49; rapid decline followed by slow rise, position around point 23, amplitude 18.00
2. noisy, the overall noise standard deviation is around 0.89.
3. no periodic fluctuation
","[{""type"": [""sudden decrease"", ""rapid decline followed by slow rise"", ""downward spike""], ""position"": 237, ""amplitude"": 12.55}, {""type"": ""continuous downward spike"", ""position"": 119, ""amplitude"": 29.67}, {""type"": ""wide downward spike"", ""position"": 54, ""amplitude"": 13.49}, {""type"": ""rapid decline followed by slow rise"", ""position"": 23, ""amplitude"": 18.0}], {""type"": ""noisy"", ""std"": 0.89}, {""type"": ""no periodic fluctuation"", ""period"": 0.0, ""amplitude"": 0.0}]","[68.06468314632242, 67.93468314632243, 67.46468314632243, 66.87468314632243, 64.86468314632242, 68.25468314632242, 67.29468314632243, 65.76468314632243, 66.06468314632242, 68.39468314632242, 69.35468314632243, 70.63468314632243, 71.30468314632242, 70.16468314632243, 69.83468314632242, 69.73468314632242, 67.37468314632243, 70.33468314632242, 69.46468314632243, 68.12468314632243, 69.02468314632242, 68.48468314632242, 70.73468314632242, 57.92468314632242, 57.93468314632242, 61.85468314632242, 57.914683146322425, 53.86468314632242, 58.57468314632242, 63.264683146322426, 64.17468314632242, 63.71468314632242, 67.92468314632242, 64.63468314632243, 64.21468314632241, 66.78468314632242, 63.734683146322425, 65.46468314632241, 65.72468314632243, 63.86468314632242, 65.24468314632242, 62.75468314632242, 64.16468314632243, 65.75468314632242, 68.42468314632242, 67.38468314632243, 65.65468314632243, 62.82468314632242, 63.38468314632242, 61.624683146322425, 61.694683146322426, 64.02468314632242, 63.42468314632242, 60.444683146322426, 58.86468314632242, 61.64468314632242, 61.56468314632242, 58.43468314632242, 56.38468314632242, 52.64468314632242, 50.74468314632242, 52.094683146322424, 51.57468314632242, 48.734683146322425, 53.834683146322426, 55.984683146322425, 57.81468314632242, 60.00468314632242, 61.594683146322424, 63.514683146322426, 63.704683146322424, 61.914683146322425, 65.87468314632243, 68.79468314632243, 68.39468314632242, 69.35468314632243, 68.64468314632242, 68.58468314632242, 67.44468314632242, 67.92468314632242, 67.79468314632243, 68.04468314632243, 66.34468314632242, 64.42468314632242, 65.07468314632243, 64.35468314632243, 64.36468314632242, 62.22468314632243, 63.844683146322424, 64.75468314632242, 63.85468314632242, 64.37468314632243, 64.81468314632242, 66.26468314632243, 64.51468314632243, 64.85468314632243, 66.69468314632242, 67.64468314632242, 65.72468314632243, 65.25468314632242, 66.04468314632243, 66.41468314632243, 67.01468314632243, 65.30468314632242, 65.25468314632242, 63.094683146322424, 65.19468314632243, 63.96468314632242, 65.50468314632242, 64.48468314632242, 66.40468314632243, 65.58468314632242, 66.56468314632242, 64.33468314632242, 65.03468314632242, 62.86468314632242, 64.73468314632242, 66.75468314632242, 66.11468314632242, 52.584683146322426, 37.74468314632242, 56.554683146322425, 65.84468314632242, 66.61468314632242, 54.29468314632243, 39.334683146322426, 44.694683146322426, 64.79468314632243, 61.944683146322426, 63.11468314632242, 45.07468314632242, 25.984683146322425, 61.35468314632242, 66.24468314632242, 65.69468314632243, 53.14468314632242, 29.44468314632242, 53.164683146322425, 64.23468314632242, 64.43468314632241, 65.28468314632242, 64.93468314632241, 66.68468314632243, 64.23468314632242, 65.24468314632242, 61.56468314632242, 64.67468314632242, 62.194683146322426, 61.99468314632242, 63.40468314632243, 61.97468314632243, 64.19468314632243, 64.68468314632241, 63.764683146322426, 65.10468314632243, 65.04468314632243, 64.40468314632243, 66.08468314632242, 64.52468314632242, 65.91468314632243, 64.45468314632242, 66.79468314632243, 67.12468314632243, 64.61468314632242, 63.804683146322425, 65.17468314632242, 63.124683146322425, 63.374683146322425, 62.594683146322424, 65.37468314632243, 63.954683146322424, 63.17468314632242, 64.76468314632243, 63.414683146322425, 62.944683146322426, 63.584683146322426, 63.694683146322426, 64.19468314632243, 65.00468314632242, 63.81468314632242, 63.74468314632242, 62.90468314632243, 64.23468314632242, 62.694683146322426, 63.75468314632242, 63.93468314632242, 64.71468314632241, 62.97468314632243, 64.69468314632243, 65.87468314632243, 63.56468314632242, 65.17468314632242, 63.53468314632242, 65.24468314632242, 62.86468314632242, 66.01468314632243, 63.594683146322424, 65.52468314632242, 62.97468314632243, 63.93468314632242, 64.99468314632242, 66.72468314632242, 66.94468314632242, 64.23468314632242, 63.15468314632243, 63.85468314632242, 63.65468314632243, 62.88468314632242, 63.54468314632243, 63.264683146322426, 64.26468314632243, 62.15468314632243, 63.71468314632242, 62.82468314632242, 64.03468314632242, 64.19468314632243, 65.26468314632243, 64.74468314632242, 64.17468314632242, 63.06468314632242, 62.93468314632242, 64.27468314632242, 63.584683146322426, 64.29468314632243, 61.79468314632243, 63.084683146322426, 61.39468314632242, 63.07468314632242, 63.96468314632242, 62.984683146322425, 63.42468314632242, 61.06468314632242, 61.89468314632242, 62.204683146322424, 63.40468314632243, 64.42468314632242, 63.204683146322424, 53.194683146322426, 53.89468314632242, 54.68468314632242, 55.28468314632242, 57.42468314632242, 57.344683146322424, 55.014683146322426, 54.49468314632242, 56.35468314632242, 57.11468314632242, 56.11468314632242, 55.844683146322424, 57.63468314632242, 58.74468314632242, 59.65468314632243, 60.31468314632242, 59.874683146322425, 59.054683146322425, 59.85468314632242]"
"[""trend"", ""volatility"", ""seasonal""]",256,"You are a time series analysis expert. Here is a time series of length 256: <<Time_Series>>, please analyze the time series features and answer the following questions:
1. What is the trend of this time series (considering the slope of the curve)? Please choose from [""steady"", ""decreasing"", ""increasing""] and describe the value trend change. Answer format: steady, the starting point value is around 32.10, and the trend change value from left to right is around 0.12.
2. What are the noise characteristics of this time series? Please choose from [""noisy"", ""almost no noise""]. Answer format: noisy, the overall noise standard deviation is around 1.5.
3. What is the periodicity of this time series? Please choose from [""no periodic fluctuation"", ""periodic fluctuation""]. If there is periodic fluctuation, describe the fluctuation frequency and amplitude. Answer format: periodic fluctuation, each period is around 20.58 points, and the amplitude of the periodic fluctuation is around 31.51.
Now, based on the above questions, please strictly follow the output format requirements and provide the answers. Each line corresponds to an answer to a question, formatted as:1. Strictly formatted answer 1
2. Strictly formatted answer 2
3. Strictly formatted answer 3","1. decrease, the starting point value is around 47.63, and the trend change value from left to right is around -9.53.
2. noisy, the overall noise standard deviation is around 1.63.
3. no periodic fluctuation
","[{""type"": ""decrease"", ""start"": 47.63, ""amplitude"": -9.529317438053205}, {""type"": ""noisy"", ""std"": 1.63}, {""type"": ""no periodic fluctuation"", ""period"": 0.0, ""amplitude"": 0.0}]","[47.63464568971708, 49.03180125394293, 46.965921658976505, 45.47323409035915, 45.724005601886866, 48.00483220673419, 48.35113572265342, 44.685095054129185, 45.11498907389099, 46.547969139763644, 49.66470078303669, 46.69126714635092, 47.300283674346794, 43.77754101240983, 45.592649095848536, 43.371529993745916, 46.834565152938175, 45.29411158212507, 43.69395050856727, 48.39890172484917, 43.45512049758849, 47.849592699597984, 43.01328497727775, 47.515230684227696, 49.18704076107913, 46.010601615061404, 48.56608273253431, 45.22246257883143, 49.16315775998126, 45.98671861396352, 48.136188712772515, 45.34187758432082, 45.29411158212507, 45.353819084869755, 47.70629469301072, 45.43740958871233, 48.76908824186628, 43.38347149429485, 46.63155964360622, 46.14195812109973, 44.93586656565691, 44.708978055227064, 43.59841850417575, 46.52408613866577, 46.20166562384442, 46.02254311561034, 45.13887207498886, 44.32685003766102, 44.45820654369935, 47.86153420014692, 44.302967036563146, 45.60459059639747, 45.234404079380376, 46.476320136470015, 46.4404956348232, 49.07956725613869, 44.90004206401009, 46.97786315952545, 43.025226477826685, 46.10613361945291, 44.76868555797176, 48.207837716066145, 44.64927055248237, 46.26137312658912, 44.73286105632494, 46.73903314854667, 48.00483220673419, 45.01945706949948, 44.028312523937544, 46.034484616159276, 48.088422710576765, 43.84919001570346, 49.043742754491866, 41.66389541524766, 42.201262939949906, 42.12961393665627, 43.753658011311956, 44.971691067303716, 42.08184793446052, 41.86690092457962, 42.10573093555839, 43.705892009116205, 42.53562495532019, 44.685095054129185, 43.34764699264803, 45.43740958871233, 45.592649095848536, 44.5656800486398, 49.533344276998356, 45.783713104631566, 47.515230684227696, 44.243259533818446, 43.83724851515453, 42.690864462456396, 44.76868555797176, 43.09687548112032, 44.67315355358024, 42.4759174525755, 42.05796493336264, 44.84033456126539, 42.38038544818399, 44.87615906291221, 43.646184506371505, 43.71783350966514, 43.06105097947351, 43.19240748551183, 41.030995886153896, 42.89386997178836, 45.06722307169523, 43.908897518448164, 43.56259400252893, 41.7713689201881, 42.28485344379247, 41.64001241414977, 42.71474746355428, 44.040254024486494, 42.72668896410322, 44.135786028878, 42.57144945696701, 42.53562495532019, 43.21629048660971, 44.5656800486398, 42.32067794543929, 45.724005601886866, 43.63424300582257, 46.14195812109973, 42.17737993885203, 42.67892296190746, 182.54971889162823, 47.562996686423446, 42.249028942145664, 45.724005601886866, 40.51751136254953, 41.09070338889859, 38.9412332900896, 40.31450585321756, 41.126527890545404, 41.50865590811145, 42.10573093555839, 42.83416246904366, 84.21146187111678, 112.66805767923806, 42.28485344379247, 40.57721886529422, 43.77754101240983, 40.744399872979365, 45.34187758432082, 42.21320444049885, 46.34496363043169, 42.54756645586914, 47.2405761716021, 40.73245837243043, 43.32376399155016, 40.64886786858785, 44.69703655467813, 41.210118394387976, 44.482089544797226, 41.79525192128598, 44.792568559069636, 41.604187912502965, 42.41620994983081, 42.21320444049885, 39.9562608367494, 40.541394363647406, 41.365357901524185, 41.604187912502965, 41.29370889823055, 43.41929599594167, 43.132699982767136, 44.33879153820996, 41.42506540426888, 42.17737993885203, 41.257884396583734, 41.47283140646463, 40.88769787956663, 40.88769787956663, 42.452034451477616, 42.83416246904366, 41.90272542622644, 39.466659314242904, 42.14155543720521, 44.64927055248237, 38.71434477965976, 40.69663387078361, 39.10841429777474, 39.347244308753524, 39.000940792834285, 40.27868135157075, 40.41003785760908, 43.049109478924564, 41.496714407562514, 42.08184793446052, 38.47551476868098, 39.3114198071067, 36.935061197867874, 37.98591324617449, 38.308333760995836, 37.72320023409784, 38.75016928130658, 39.44277631314503, 43.09687548112032, 39.64578182247699, 40.075675842238795, 39.35918580930246, 42.98940197617987, 40.33838885431545, 41.365357901524185, 41.5564219103072, 41.81913492238387, 38.24862625825114, 41.87884242512855, 39.812962830162135, 41.126527890545404, 39.609957320830176, 41.17429389274116, 40.33838885431545, 42.61921545916276, 40.69663387078361, 44.3507330387589, 38.55910527252355, 40.87575637901769, 39.03676529448111, 40.613043366941035, 37.950088744527676, 38.80987678405127, 38.415807265936294, 37.532136225314815, 37.69931723299996, 40.075675842238795, 39.49054231534078, 40.89963938011557, 38.48745626922992, 39.72937232631956, 39.41889331204715, 39.03676529448111, 38.57104677307249, 40.80410737572406, 39.04870679503005, 39.5860743197323, 40.31450585321756, 40.68469237023467, 40.3861548565112, 38.52328077087674, 39.705489325221684, 37.80679073794041, 39.156180299970494, 39.12035579832368, 37.98591324617449, 41.675836915796594, 43.14464148331608, 39.51442531643867, 38.96511629118748, 39.9562608367494, 39.10841429777474, 36.52905017920395, 38.10532825166388]"
"[""trend"", ""outlier"", ""seasonal""]",256,"You are a time series analysis expert. Here is a time series of length 256: <<Time_Series>>, please analyze the time series features and answer the following questions:
1. What is the trend of this time series (considering the slope of the curve)? Please choose from [""steady"", ""decreasing"", ""increasing""] and describe the value trend change. Answer format: steady, the starting point value is around 32.10, and the trend change value from left to right is around 0.12.
2. What are the local characteristic fluctuations of this time series? The optional types of local characteristic fluctuations include: [""continuous downward spike"", ""continuous upward spike"", ""decrease after downward spike"", ""decrease after upward spike"", ""downward convex"", ""downward spike"", ""increase after downward spike"", ""increase after upward spike"", ""rapid decline followed by slow rise"", ""rapid rise followed by slow decline"", ""shake"", ""slow decline followed by rapid rise"", ""slow rise followed by rapid decline"", ""sudden decrease"", ""sudden increase"", ""upward convex"", ""upward spike"", ""wide downward spike"", ""wide upward spike""]. You need to analyze all the characteristic fluctuations that appear in this time series and answer each type, position, and amplitude in the format. Different local characteristic fluctuations should be separated by semicolons. Answer format: shake, position around point 125, amplitude 135.03; small sudden decrease, position around point 102, amplitude 31.05.
3. What is the periodicity of this time series? Please choose from [""no periodic fluctuation"", ""periodic fluctuation""]. If there is periodic fluctuation, describe the fluctuation frequency and amplitude. Answer format: periodic fluctuation, each period is around 20.58 points, and the amplitude of the periodic fluctuation is around 31.51.
Now, based on the above questions, please strictly follow the output format requirements and provide the answers. Each line corresponds to an answer to a question, formatted as:1. Strictly formatted answer 1
2. Strictly formatted answer 2
3. Strictly formatted answer 3","1. decrease, the starting point value is around -28.97, and the trend change value from left to right is around -76.89.
2. slow decline followed by rapid rise, position around point 225, amplitude 11.96; downward convex, position around point 30, amplitude 13.30; continuous downward spike, position around point 117, amplitude 46.86
3. no periodic fluctuation
","[{""type"": ""decrease"", ""start"": -28.97, ""amplitude"": -76.88822411248451}, [{""type"": [""slow decline followed by rapid rise"", ""sudden decrease"", ""sudden decrease""], ""position"": 225, ""amplitude"": 11.96}, {""type"": [""downward convex"", ""rapid decline followed by slow rise"", ""slow decline followed by rapid rise"", ""wide downward spike""], ""position"": 30, ""amplitude"": 13.3}, {""type"": ""continuous downward spike"", ""position"": 117, ""amplitude"": 46.86}], {""type"": ""no periodic fluctuation"", ""period"": 0.0, ""amplitude"": 0.0}]","[-28.97470746317724, -31.59312347296124, -31.641036691476856, -31.9871282337796, -28.354081455198887, -29.28624763391083, -29.560365098058057, -31.942294851045368, -32.093028181211714, -34.75257223565601, -34.91358757698743, -32.42184403772988, -32.61370541255653, -35.077891254864426, -34.149013412698054, -33.36408372684271, -30.882622198750234, -32.12324871241438, -34.82392081151897, -35.0980382756662, -36.297536744670055, -36.75673040978861, -38.80963580549356, -34.02500377642461, -35.70775677018692, -35.73510596637239, -35.72132711789756, -36.75631340826023, -37.12296897289313, -43.74108732589073, -48.035471155581725, -44.165938120204316, -43.11367614405707, -43.069051262087015, -41.09140828108315, -44.01828462581935, -43.60350734190665, -45.46105452547521, -43.54510361146178, -47.37679693872446, -52.935868141719496, -51.83219610974687, -52.168005640884545, -61.08929449485863, -62.92627765609703, -58.51179802897073, -61.35641828438635, -52.931954302881365, -58.90230595247934, -54.84769671613061, -61.147072723010936, -56.84569521870044, -54.83720620420135, -54.2476347304824, -54.963878674727795, -50.641937148087166, -51.0702847797105, -53.56531665551361, -45.17169870750385, -45.73371248427314, -51.796602234356776, -53.026946736855855, -49.19854174613874, -47.81725541270914, -45.418049973937244, -47.18305905702014, -49.07145227408392, -50.27095074308777, -46.956646310624336, -50.305085113128555, -49.4070533044574, -50.719653896277066, -51.17884756139562, -51.6277592153491, -50.7502914290081, -48.772648448004226, -49.35522624710366, -50.99685119620568, -52.34029782152056, -51.04126757741154, -51.47989722019995, -52.02134697463909, -53.69381795723633, -51.46940670827069, -50.89011724571682, -50.77351828559125, -50.009152622066054, -50.262706063883144, -52.377303526578544, -51.911116186840474, -52.29833577380352, -52.778093461252226, -53.78223371811968, -55.732319002173895, -55.24556764010568, -55.02614856832939, -55.47506022228287, -55.2864871840018, -55.97188509475197, -55.05328926375067, -56.21165968809423, -60.01250698186169, -58.25078623532436, -60.067205374232614, -58.89155926410449, -58.96003650495024, -58.95653966764049, -58.94276081916566, -59.288852361468415, -59.97425027221858, -58.93227030723641, -60.17289682090055, -60.23109205058124, -60.19674917977626, -61.519631782760996, -60.64216399641999, -60.30964280182789, -61.97183177326005, -63.07879214177824, -74.70424993216665, -98.65783910947826, -65.37147213082545, -62.98254870321864, -63.11271801105484, -75.76637691795061, -97.64299983991735, -102.83191864096975, -68.52763255697465, -66.09758108470754, -73.72333653188235, -93.38932705335829, -108.57236070686216, -68.3456361917847, -67.25224617097716, -70.80632519678285, -85.42384823620768, -126.63065214851268, -79.63836428681684, -69.91836689851259, -68.98948905634623, -68.54386573893831, -67.74865404191789, -69.1537927342232, -70.12708695759545, -70.0824620756254, -68.68061171986565, -67.79286192235956, -68.85869424621745, -69.07111964337425, -69.32467308519134, -69.95866094011615, -69.5644476785336, -69.97223128782679, -71.17172975683064, -71.0037207408797, -71.53488848415378, -71.43885354635836, -72.63835201536222, -73.60136422756938, -75.26355319900154, -75.19836429470134, -74.94809918942983, -76.51775006037633, -76.154382832289, -78.38208241780019, -75.7875187668919, -73.97438796452921, -75.46178274615514, -75.74618222146742, -75.75296739532274, -76.20187904927623, -75.24215517361463, -76.64729386591996, -77.21958965385431, -77.71991136363317, -76.97610972243812, -78.31955634775301, -79.17974844830943, -79.64922412459306, -80.00559767806088, -78.43923514365996, -79.81352780247005, -79.95397912147133, -80.11499446280274, -80.20403572597866, -80.61181933527185, -80.52606640864151, -82.1779733689086, -80.07694625392384, -80.39219176273136, -81.50943414241463, -81.45452724927951, -82.04738705954402, -83.53478184116992, -82.23575159706091, -82.5304330835383, -83.49344529574546, -83.00669393367724, -83.3116574313197, -85.44681891634524, -83.74679023679835, -84.12372781259631, -85.76535276169832, -86.52272475060401, -85.52187283028212, -85.47724794831208, -86.01869770275124, -86.17971304408266, -85.68267967084937, -86.24469344761866, -85.64483996273464, -85.81613731523115, -87.1698659517111, -87.17665112556642, -86.3403113838857, -87.37529767424837, -87.96815748451289, -87.12153573166711, -88.6911866026136, -88.64656172064355, -90.56580097120255, -89.78087128534722, -91.22713802231283, -91.37787135247919, -91.89875708458817, -92.53274493951298, -92.3133258677367, -93.63620847072141, -92.31661420428225, -93.61893278493685, -93.25556555684952, -94.15688570206623, -92.09698663174177, -95.32204130026511, -94.76331586004139, -96.07591645186105, -96.5762381616399, -97.6009424408375, -104.30131688315569, -107.85539590896138, -108.70530599835273, -106.25469050375548, -106.35401377809646, -107.40956409078927, -110.06910814523357, -105.9939348865547, -105.58943961380709, -106.63470791533483, -106.82656929016147, -105.8976914479951, -104.65007125971144, -106.14774805250244, -106.65835177344636, -107.80644018662484, -106.97010044494412, -105.61966014500975]"
"[""trend"", ""outlier"", ""volatility""]",256,"You are a time series analysis expert. Here is a time series of length 256: <<Time_Series>>, please analyze the time series features and answer the following questions:
1. What is the trend of this time series (considering the slope of the curve)? Please choose from [""steady"", ""decreasing"", ""increasing""] and describe the value trend change. Answer format: steady, the starting point value is around 32.10, and the trend change value from left to right is around 0.12.
2. What are the local characteristic fluctuations of this time series? The optional types of local characteristic fluctuations include: [""continuous downward spike"", ""continuous upward spike"", ""decrease after downward spike"", ""decrease after upward spike"", ""downward convex"", ""downward spike"", ""increase after downward spike"", ""increase after upward spike"", ""rapid decline followed by slow rise"", ""rapid rise followed by slow decline"", ""shake"", ""slow decline followed by rapid rise"", ""slow rise followed by rapid decline"", ""sudden decrease"", ""sudden increase"", ""upward convex"", ""upward spike"", ""wide downward spike"", ""wide upward spike""]. You need to analyze all the characteristic fluctuations that appear in this time series and answer each type, position, and amplitude in the format. Different local characteristic fluctuations should be separated by semicolons. Answer format: shake, position around point 125, amplitude 135.03; small sudden decrease, position around point 102, amplitude 31.05.
3. What are the noise characteristics of this time series? Please choose from [""noisy"", ""almost no noise""]. Answer format: noisy, the overall noise standard deviation is around 1.5.
Now, based on the above questions, please strictly follow the output format requirements and provide the answers. Each line corresponds to an answer to a question, formatted as:1. Strictly formatted answer 1
2. Strictly formatted answer 2
3. Strictly formatted answer 3","1. decrease, the starting point value is around 42.13, and the trend change value from left to right is around -25.94.
2. decrease after upward spike, position around point 127, amplitude 69.33
3. noisy, the overall noise standard deviation is around 1.48.
","[{""type"": ""decrease"", ""start"": 42.13, ""amplitude"": -25.93712459600169}, [{""type"": ""decrease after upward spike"", ""position"": 127, ""amplitude"": 69.33}], {""type"": ""noisy"", ""std"": 1.48}]","[42.13123520607826, 41.62567191467896, 41.108950986837385, 41.45136806505195, 40.086666767596505, 42.24777858590396, 38.372609088933785, 38.25756307301455, 38.800817607190304, 38.48493413530989, 39.240183761889114, 39.57144320366138, 38.27368772485966, 38.604947166631945, 39.36019679321115, 40.65101296902017, 40.848380773485005, 40.27587166343198, 39.692204916936674, 41.58553346062922, 39.50674343086737, 40.161574329465985, 41.77596196210134, 40.69020157570309, 39.62675646218941, 43.338779745974854, 40.891787713617504, 41.23420479183207, 37.41482347707334, 38.627536197786334, 38.3451256352328, 39.01111417027371, 39.53205343156488, 40.16456905727892, 39.17922739886126, 41.09487121543838, 40.064899011251576, 39.13534553504534, 40.35921589220063, 38.603997319265126, 39.448508037382624, 39.72397929694347, 42.844647849287675, 38.991793625202064, 37.872560329476954, 38.54970650096015, 38.70244375965583, 39.903998843926544, 38.5392975464711, 36.148093696325176, 37.80711187472969, 37.178814582465236, 41.28135514173075, 39.481506023026085, 40.97315965479628, 37.287669977345, 40.531072530554354, 38.887430322041716, 37.299576295740515, 38.28913628760777, 37.359582811401545, 38.24872407528821, 39.11555006629029, 36.86939548989412, 36.17415237897593, 37.25297346238148, 37.80738563299952, 37.42455634246539, 35.100298310973194, 35.10798629591914, 36.19796501576697, 37.61151519244116, 37.47415390363735, 37.113639885987794, 38.68339697285401, 40.87798170048833, 38.41983203168869, 40.201584210958366, 37.43102072177467, 39.03425071796775, 35.78390886176568, 38.781843413244715, 36.725368656367436, 36.14170190987212, 36.91926680933591, 36.92695479428185, 36.90116986990092, 37.489054949845816, 36.6376049287356, 36.03162290935572, 41.941700572271834, 37.77643252780218, 38.955672339188325, 35.60491175500567, 39.64050649561746, 37.55055882941331, 39.82324701214364, 34.87694441671385, 36.379755684926344, 36.008084030834496, 37.70057511856587, 35.82262254476519, 35.517896709327076, 35.36937778408098, 35.61137613431495, 35.641379392145474, 35.32549592026506, 34.46288826271256, 33.18744805679541, 41.072427369996454, 33.97270094120514, 36.345807851916064, 32.247485626100136, 37.432316920267546, 36.71475853646479, 36.26498342727693, 34.900282129821484, 32.174349186406936, 33.67716045461943, 35.9163757280229, 35.51123116460419, 34.079584048495015, 34.45547403603645, 35.61239857453801, 35.83208165188742, 38.506444746540105, 33.82792542572522, 97.80234313430641, 36.13061686628607, 32.244289732873604, 30.254760794650053, 27.79661112585041, 27.636934564162033, 26.897060907474696, 28.500290903667764, 26.176032872175576, 26.35108540375583, 25.73394574793366, 26.723505739800913, 26.374149358593645, 26.962034438538538, 26.12174205387061, 25.828173854874784, 26.282167297512224, 25.56460891370946, 25.40493235202108, 24.977472515717803, 25.342204866816946, 23.520040475227702, 25.078639925651625, 24.974751546174687, 23.77741479535355, 24.36529987529845, 23.37995821688078, 23.75584820442221, 24.176368737732787, 23.849327629410098, 23.388394883779952, 23.74196959843681, 24.943524682707523, 25.285941760922096, 24.18902373808155, 25.970775917351226, 24.11513861643512, 24.245560602246222, 24.152829859211568, 24.30556711790725, 22.717713091606043, 23.428332172416106, 22.52109396909445, 23.655703234711446, 22.793095577158944, 23.224773746911808, 24.236649011663637, 22.805001895554465, 23.671827886556553, 21.916609313621038, 21.645356387509782, 22.199768558127815, 23.033121639803035, 22.003149435616226, 21.921576329023857, 21.516431765605148, 21.379070476801342, 22.03390137539997, 22.041589360345903, 21.457922613850595, 20.96351695889358, 20.982362580281812, 19.695764737922378, 19.91544781527178, 20.313653075697786, 19.89735087583679, 20.284398499820504, 20.66028848736194, 19.90925719423231, 19.972733361389682, 19.90231789123961, 20.64640988137653, 20.241265317957826, 20.237795666461476, 19.665286556408454, 21.24620127971695, 19.245514705051104, 20.60327669951385, 20.108871044556842, 20.127716665945066, 19.588680465218907, 19.07195953737732, 19.760263345302807, 20.002261695536784, 18.124309121736104, 19.22544547802623, 19.791015285086555, 19.408185994552426, 19.583238526132675, 20.36080342559646, 19.710190860447426, 18.657903383376034, 21.800887208604806, 20.11261445432302, 20.26535171301869, 19.971783514022864, 19.93484095319965, 19.206124932954594, 18.946029643285627, 18.39583580611718, 18.414681427505407, 17.831014681010096, 18.76478649066591, 17.913336469555695, 17.39661554171411, 18.308072078485353, 17.33388805650997, 18.892487506933893, 17.42736748149786, 17.970622015673605, 17.230748358986265, 18.55503744412215, 18.227996335799457, 18.146423229207095, 17.70780575646152, 17.202242465062223, 16.774782628758942, 18.511904262259467, 18.40801588278253, 16.18417657927093, 16.83900747786955, 16.311128913585677, 16.564284900261942, 15.701677242709444, 15.575473590347924, 15.65010739394759, 16.929765933314318, 15.743586818935478, 16.253368443784357]"
"[""seasonal"", ""outlier"", ""volatility"", ""trend""]",256,"You are a time series analysis expert. Here is a time series of length 256: <<Time_Series>>, please analyze the time series features and answer the following questions:
1. What is the periodicity of this time series? Please choose from [""no periodic fluctuation"", ""periodic fluctuation""]. If there is periodic fluctuation, describe the fluctuation frequency and amplitude. Answer format: periodic fluctuation, each period is around 20.58 points, and the amplitude of the periodic fluctuation is around 31.51.
2. What are the local characteristic fluctuations of this time series? The optional types of local characteristic fluctuations include: [""continuous downward spike"", ""continuous upward spike"", ""decrease after downward spike"", ""decrease after upward spike"", ""downward convex"", ""downward spike"", ""increase after downward spike"", ""increase after upward spike"", ""rapid decline followed by slow rise"", ""rapid rise followed by slow decline"", ""shake"", ""slow decline followed by rapid rise"", ""slow rise followed by rapid decline"", ""sudden decrease"", ""sudden increase"", ""upward convex"", ""upward spike"", ""wide downward spike"", ""wide upward spike""]. You need to analyze all the characteristic fluctuations that appear in this time series and answer each type, position, and amplitude in the format. Different local characteristic fluctuations should be separated by semicolons. Answer format: shake, position around point 125, amplitude 135.03; small sudden decrease, position around point 102, amplitude 31.05.
3. What are the noise characteristics of this time series? Please choose from [""noisy"", ""almost no noise""]. Answer format: noisy, the overall noise standard deviation is around 1.5.
4. What is the trend of this time series (considering the slope of the curve)? Please choose from [""steady"", ""decreasing"", ""increasing""] and describe the value trend change. Answer format: steady, the starting point value is around 32.10, and the trend change value from left to right is around 0.12.
Now, based on the above questions, please strictly follow the output format requirements and provide the answers. Each line corresponds to an answer to a question, formatted as:1. Strictly formatted answer 1
2. Strictly formatted answer 2
3. Strictly formatted answer 3
4. Strictly formatted answer 4","1. no periodic fluctuation
2. increase after downward spike, position around point 125, amplitude 27.39
3. noisy, the overall noise standard deviation is around 1.08.
4. decrease, the starting point value is around -80.61, and the trend change value from left to right is around -19.78.
","[{""type"": ""no periodic fluctuation"", ""period"": 0.0, ""amplitude"": 0.0}, [{""type"": ""increase after downward spike"", ""position"": 125, ""amplitude"": 27.39}], {""type"": ""noisy"", ""std"": 1.08}, {""type"": ""decrease"", ""start"": -80.61, ""amplitude"": -19.780723798495995}]","[-80.61311325139685, -86.65812289043635, -87.04286863186924, -83.83060796095218, -80.92874885861352, -79.68845109395939, -84.49185445868515, -77.91995328080161, -80.69661699186825, -80.64314875413163, -82.30601860147571, -83.47589772225405, -83.49546514771232, -86.36342343777264, -81.96433323993806, -85.16095201437552, -89.76350730531526, -92.44887643738826, -86.49777839666157, -90.0230576554762, -85.20401239427078, -86.37389151504912, -85.09707591879753, -83.9845905647345, -87.87504813952374, -91.56465764052695, -92.13199253994716, -88.64584813204911, -93.72313523375587, -90.67520480502738, -90.11048692492628, -89.94746519239726, -90.84346057619464, -87.06517351551692, -90.0426853003696, -86.02703233430837, -87.32472386567781, -83.01692824683688, -89.71925885463068, -84.86369576182783, -87.14736874632875, -90.47179993135734, -87.25953926044026, -88.81285561299194, -94.38313344126442, -84.79851115659028, -88.74374547877571, -89.12849122020862, -89.9149331092136, -88.52856401816962, -88.34728336984186, -87.8008244055395, -84.86244747160339, -90.67009120525938, -86.5083669128083, -93.72194716296656, -84.52076211006576, -90.93095006507986, -87.00659167801227, -83.26482244893201, -89.89411739353088, -88.74511420787039, -90.20713598142842, -86.92183964731643, -92.21823373860795, -89.07900873088579, -86.67014035511288, -92.75166782574982, -92.38779801943475, -86.50973564190298, -89.01251561598868, -86.76797748240433, -93.5068259217956, -92.02916225175795, -90.97145364509113, -93.21860879799458, -95.90397793006758, -90.04417446833453, -89.42467984083724, -91.4344690883572, -93.6451064096632, -92.80650479258114, -94.90758861909474, -92.078765179951, -89.1951649934111, -93.5968722105648, -95.44233121589619, -94.91413116739255, -90.67937121174656, -92.14139298530459, -96.99957309742655, -92.05271542563004, -95.74232492663324, -95.25064270972706, -93.66342554489705, -91.98491380107338, -94.56072943835399, -90.08860357732448, -94.67289995246549, -93.68822700899358, -97.25002409940566, -97.10526128267539, -100.30188005711285, -92.87180983668894, -100.81574671879643, -95.22982699404433, -97.73260696813003, -93.99083773904977, -98.15517905081997, -93.99345475836888, -94.0312810996259, -93.79522370390197, -95.91456644621431, -95.00292916593732, -94.16432754885525, -100.17281935629728, -95.39029192668936, -98.18521455355474, -98.1134874000194, -99.81287507896093, -97.0023105556159, -95.65245929616938, -99.9993897659269, -101.69877744486844, -96.77017868887067, -101.70139446418756, -101.10015875248901, -95.98897083850392, -127.63298042736409, -97.59837244811135, -95.42686997772195, -94.05875980247669, -92.98279228001114, -94.09789465339327, -88.21983227586149, -87.0160523428048, -84.73499637762302, -89.08192684738052, -86.18006774504188, -87.18561662363163, -88.44679032340363, -88.83153606483654, -85.91141804669917, -85.96750330375491, -85.64015132903732, -87.88730648194077, -83.54299303150238, -86.8309063849335, -84.5498504197517, -84.58767676100872, -84.11425345990129, -86.6352923497857, -84.99329843755949, -85.92581165295432, -83.24305954020043, -83.55476961843843, -81.69366871662744, -84.2329665223106, -85.7315061274661, -84.52772619440942, -87.06702400009257, -89.18636674240491, -88.74946127289493, -88.87858219314562, -87.38265960730924, -88.46124414909393, -87.23920530023852, -89.37680695834959, -88.30083943588401, -88.74036192471313, -87.68265331804629, -89.05338051261067, -88.47040371671085, -87.5770253522326, -87.98003000946424, -88.03611526651999, -87.34358497582778, -88.23958035962514, -87.69312139532278, -86.96407327303311, -87.9878810674216, -92.24351695818545, -89.98071990880239, -88.10136009119266, -88.83302523280146, -87.93964686832321, -90.75282841098732, -89.78641438331415, -90.29897253533818, -91.41407490872034, -88.62176930117407, -91.4532097596369, -90.77893838474341, -89.39256929369944, -91.95012601518133, -91.96969344063962, -90.98502049716771, -92.7757027551029, -92.99611825434722, -91.95666856347913, -92.01275382053488, -89.95080484493785, -91.65019252387938, -94.79203455092066, -91.3606668904188, -94.22862518047911, -92.8239971736364, -90.9994141034229, -93.94040805667811, -92.86444053421255, -92.40927614890383, -92.17321875317991, -92.68577690520392, -94.73208398432135, -95.81066852610603, -94.16867461387982, -94.99163433448227, -95.08423742313548, -94.51951954303438, -95.34247926363683, -94.79602029933446, -94.87036447218895, -96.33238624574699, -95.16512414428777, -96.71844049683945, -96.97537382768125, -96.75757534775603, -96.37544662564224, -95.64639850335257, -98.69694595140018, -95.41164961728818, -95.9059488535135, -96.58283724772609, -97.64316287371204, -97.66273029917033, -101.71751811614816, -98.24963262404883, -96.73545112241375, -97.97836590638701, -99.34909310095138, -101.43191801166626, -98.8769783095035, -100.99632105181585, -100.50463883490966, -100.34161710238065, -99.24739066411637, -101.29369774323379, -100.94808685271745, -103.0126528476336, -100.1290526610937, -104.0560280674804, -100.56988365958236, -103.72998460242236, -101.97843719540376, -104.5177350010869, -100.24645721384344]"
"[""volatility"", ""trend"", ""outlier""]",256,"You are a time series analysis expert. Here is a time series of length 256: <<Time_Series>>, please analyze the time series features and answer the following questions:
1. What are the noise characteristics of this time series? Please choose from [""noisy"", ""almost no noise""]. Answer format: noisy, the overall noise standard deviation is around 1.5.
2. What is the trend of this time series (considering the slope of the curve)? Please choose from [""steady"", ""decreasing"", ""increasing""] and describe the value trend change. Answer format: steady, the starting point value is around 32.10, and the trend change value from left to right is around 0.12.
3. What are the local characteristic fluctuations of this time series? The optional types of local characteristic fluctuations include: [""continuous downward spike"", ""continuous upward spike"", ""decrease after downward spike"", ""decrease after upward spike"", ""downward convex"", ""downward spike"", ""increase after downward spike"", ""increase after upward spike"", ""rapid decline followed by slow rise"", ""rapid rise followed by slow decline"", ""shake"", ""slow decline followed by rapid rise"", ""slow rise followed by rapid decline"", ""sudden decrease"", ""sudden increase"", ""upward convex"", ""upward spike"", ""wide downward spike"", ""wide upward spike""]. You need to analyze all the characteristic fluctuations that appear in this time series and answer each type, position, and amplitude in the format. Different local characteristic fluctuations should be separated by semicolons. Answer format: shake, position around point 125, amplitude 135.03; small sudden decrease, position around point 102, amplitude 31.05.
Now, based on the above questions, please strictly follow the output format requirements and provide the answers. Each line corresponds to an answer to a question, formatted as:1. Strictly formatted answer 1
2. Strictly formatted answer 2
3. Strictly formatted answer 3","1. noisy, the overall noise standard deviation is around 1.07.
2. increase, the starting point value is around 51.69, and the trend change value from left to right is around 37.44.
3. continuous upward spike, position around point 197, amplitude 25.77; wide upward spike, position around point 116, amplitude 6.32
","[{""type"": ""noisy"", ""std"": 1.07}, {""type"": ""increase"", ""start"": 51.69, ""amplitude"": 37.441160928280276}, [{""type"": ""continuous upward spike"", ""position"": 197, ""amplitude"": 25.77}, {""type"": [""wide upward spike"", ""rapid rise followed by slow decline"", ""slow rise followed by rapid decline"", ""upward convex"", ""sudden increase""], ""position"": 116, ""amplitude"": 6.32}]","[51.68978685973472, 51.29726613327488, 54.6150067622808, 53.69916866555718, 53.35956767316897, 54.683998318810566, 55.66739067821283, 54.32231473846386, 55.63498544320064, 55.91866131876705, 53.85622898382503, 53.41666849374597, 53.93554318740848, 55.177654246716436, 56.01404734480865, 55.697966234230044, 54.00009206733696, 54.695365874571515, 55.173080775067206, 55.00987889625105, 55.287674801365064, 53.82499945256805, 54.608472816588645, 55.291986682918406, 56.75753661941764, 55.46538041374029, 56.67809162078624, 56.350250569302844, 56.22820848365351, 56.24728568886182, 57.10719866876365, 57.602553480616535, 57.03951361103704, 57.12915046167419, 57.80090438709915, 57.914061119545906, 55.52823040972175, 55.711946787597334, 56.236701451712236, 57.478812511020195, 57.94476747061107, 58.46952213472598, 58.40627975360066, 58.7311154223339, 58.309194843612055, 58.36355187153478, 59.59978296039034, 59.077902883977664, 57.95038585096758, 55.99967295462118, 55.854110987162244, 58.98369256169128, 57.97965490818164, 58.757248301749826, 58.14716866855112, 58.213285637378654, 58.5851610697311, 60.08011085849235, 59.905149038771405, 58.98931094204778, 57.438436036464736, 57.27523415764858, 61.12217212737068, 60.864890721316115, 61.93648263750441, 61.773280758688266, 63.02715175890103, 62.040754016748586, 62.17743063100495, 62.49050635883337, 61.104270625917586, 60.92930880619663, 60.90722621823814, 62.33161636157056, 62.83285114387586, 64.10436205544583, 61.518612350240005, 63.09588172533489, 61.58028664246625, 60.72912822071906, 61.153923387143124, 62.90759187581007, 63.95566391018876, 63.68662256322938, 61.73002969643058, 62.40178362185554, 63.89673341061678, 63.921690586277506, 64.1171669050579, 62.037094658758654, 62.567729293325954, 62.72204581893953, 64.08175628729552, 64.16551316748027, 65.68398283805114, 65.77361968868829, 64.34622416260568, 64.45350092460002, 65.86025115657525, 65.32661113925776, 64.87529070827392, 63.45377515264371, 64.16080890078308, 65.70279845316355, 65.85711497877712, 66.54062884510687, 66.80078483886368, 67.97233625274282, 65.23370731577454, 66.1935797933672, 66.20677702812311, 66.19645438106943, 66.78588872016076, 66.99312497984594, 70.77538327459162, 73.22876824709442, 71.01345668038994, 70.40925701764363, 70.38129445923272, 69.24789745577023, 70.91924635810355, 70.67960486340617, 71.73943683868967, 70.64131965794158, 72.83010596008629, 76.00672729823455, 75.37312778322624, 75.5627241315542, 80.66209580763797, 81.71016784201665, 79.18321784133484, 80.80752698004895, 75.98738850293032, 79.39920865917466, 77.07805762432693, 80.67803683504815, 78.21576650934279, 77.06472959452307, 76.72512860213486, 77.13228385720173, 74.65825359059154, 74.90076967299115, 76.32515981632356, 71.52266125056215, 71.84161694884297, 75.30635683915894, 76.0075106168459, 73.81571893195103, 73.02336021472784, 71.64888442271686, 72.65579666392875, 73.73326855056945, 74.4167824168992, 72.51898925462443, 74.43141694550623, 73.91541683954595, 74.66361038085213, 74.92376637460895, 75.17804239791334, 74.67380223285787, 73.54040522939538, 73.87112086858102, 74.80747346436405, 75.57330691702745, 74.8279879634235, 75.0763840162755, 75.38357977365152, 76.33757228079178, 75.06305598647164, 74.72933496453582, 74.6602126129581, 74.22065212287906, 74.36320870758783, 75.57003994418137, 75.30099859722199, 75.51999479781199, 75.79191073247358, 76.3637051602077, 77.47645686956284, 77.19565558169863, 77.06773352559689, 77.3220095489013, 77.21172740415678, 77.60124274786644, 77.07348270100135, 77.73347668552151, 79.90462307630901, 78.89470545234695, 79.93101754582084, 79.25625823764571, 79.29297535421124, 79.28853267760994, 79.27821003055624, 79.47368634933663, 79.86320169304628, 79.26488200075238, 79.97191574889175, 80.00275289500487, 79.98067030704638, 80.73474381880496, 80.23050365374948, 80.03790192267134, 80.9860144593592, 81.61660859161734, 88.26241249668284, 101.9583009741785, 82.92039394315154, 81.55179812159295, 81.6237950608729, 88.85759601117861, 101.36573045728905, 104.33067285915084, 84.71064875333605, 83.31853304996787, 87.67702844904896, 98.92096924789293, 107.60124292948957, 84.5943558430912, 83.96663629853526, 85.9966633984651, 94.35353870517963, 117.91601760180606, 91.04010995772705, 85.47909520360577, 84.9454551862883, 84.68817378023371, 84.23097337879746, 85.03208665417526, 85.58624117055217, 85.55827861214128, 84.7541599540133, 84.24403981850543, 84.85111406895396, 84.97015077185311, 85.11270735656188, 85.47282284800951, 85.24494129421694, 85.47569743571174, 86.15921130204151, 86.06068909820178, 86.3620048851254, 86.30464247445249, 86.98815634078224, 87.53643088670677, 88.48454342339463, 88.44482092407891, 88.29925895661997, 89.19445175923622, 88.98421011680085, 90.25572102837081, 88.7695257977642, 87.73020832154012, 88.57836136053714, 88.73855785660312, 88.73999515045423, 88.99427117375865]"
"[""outlier"", ""volatility"", ""seasonal""]",256,"You are a time series analysis expert. Here is a time series of length 256: <<Time_Series>>, please analyze the time series features and answer the following questions:
1. What are the local characteristic fluctuations of this time series? The optional types of local characteristic fluctuations include: [""continuous downward spike"", ""continuous upward spike"", ""decrease after downward spike"", ""decrease after upward spike"", ""downward convex"", ""downward spike"", ""increase after downward spike"", ""increase after upward spike"", ""rapid decline followed by slow rise"", ""rapid rise followed by slow decline"", ""shake"", ""slow decline followed by rapid rise"", ""slow rise followed by rapid decline"", ""sudden decrease"", ""sudden increase"", ""upward convex"", ""upward spike"", ""wide downward spike"", ""wide upward spike""]. You need to analyze all the characteristic fluctuations that appear in this time series and answer each type, position, and amplitude in the format. Different local characteristic fluctuations should be separated by semicolons. Answer format: shake, position around point 125, amplitude 135.03; small sudden decrease, position around point 102, amplitude 31.05.
2. What are the noise characteristics of this time series? Please choose from [""noisy"", ""almost no noise""]. Answer format: noisy, the overall noise standard deviation is around 1.5.
3. What is the periodicity of this time series? Please choose from [""no periodic fluctuation"", ""periodic fluctuation""]. If there is periodic fluctuation, describe the fluctuation frequency and amplitude. Answer format: periodic fluctuation, each period is around 20.58 points, and the amplitude of the periodic fluctuation is around 31.51.
Now, based on the above questions, please strictly follow the output format requirements and provide the answers. Each line corresponds to an answer to a question, formatted as:1. Strictly formatted answer 1
2. Strictly formatted answer 2
3. Strictly formatted answer 3","1. rapid decline followed by slow rise, position around point 234, amplitude 12.73; downward convex, position around point 48, amplitude 13.78; continuous downward spike, position around point 112, amplitude 31.27
2. noisy, the overall noise standard deviation is around 1.25.
3. no periodic fluctuation
","[{""type"": [""rapid decline followed by slow rise"", ""sudden decrease"", ""sudden decrease""], ""position"": 234, ""amplitude"": 12.73}, {""type"": [""downward convex"", ""rapid decline followed by slow rise""], ""position"": 48, ""amplitude"": 13.78}, {""type"": ""continuous downward spike"", ""position"": 112, ""amplitude"": 31.27}], {""type"": ""noisy"", ""std"": 1.25}, {""type"": ""no periodic fluctuation"", ""period"": 0.0, ""amplitude"": 0.0}]","[-33.14, -35.45, -33.38, -35.39, -33.38, -35.18, -35.69, -32.59, -34.49, -34.56, -31.84, -33.11, -32.83, -33.57, -35.91, -34.73, -33.74, -33.74, -29.64, -34.15, -32.18, -34.79, -33.65, -35.82, -33.92, -36.5, -34.24, -34.1, -34.95, -34.39, -33.51, -30.52, -33.56, -32.36, -35.66, -31.7, -33.77, -31.7, -34.64, -34.89, -36.84, -34.29, -37.31, -35.81, -37.83, -36.36, -35.87, -34.9, -35.11, -34.65, -54.31, -50.71, -46.88, -54.69, -52.95, -50.99, -48.01, -53.27, -49.74, -43.65, -35.97, -41.86, -45.57, -46.86, -49.71, -40.36, -44.85, -44.98, -46.11, -43.73, -44.23, -39.95, -37.49, -36.1, -41.82, -38.08, -40.22, -37.21, -40.25, -36.96, -43.87, -43.43, -40.71, -40.35, -37.75, -35.53, -34.5, -32.76, -31.9, -33.12, -33.08, -33.76, -33.9, -34.8, -35.15, -35.65, -35.37, -35.68, -34.07, -32.34, -34.41, -33.08, -33.26, -37.01, -37.72, -38.49, -37.64, -37.59, -36.04, -37.14, -34.15, -37.41, -35.55, -37.57, -35.79, -37.99, -37.57, -37.86, -47.19, -67.48, -60.14, -39.17, -39.22, -38.42, -56.6, -77.51, -46.15, -40.3, -40.06, -53.6, -70.87, -54.04, -37.21, -39.43, -49.72, -65.34, -68.69, -43.8, -38.87, -38.63, -37.01, -40.28, -41.19, -40.26, -38.76, -39.75, -37.48, -36.87, -37.47, -38.11, -37.66, -38.17, -39.59, -40.15, -40.08, -38.52, -38.23, -38.14, -40.76, -40.41, -41.86, -38.34, -40.49, -39.07, -40.13, -40.21, -40.12, -43.21, -41.2, -39.79, -40.83, -40.7, -41.12, -40.01, -42.88, -41.24, -42.85, -38.53, -41.54, -39.83, -41.18, -39.41, -42.08, -41.15, -38.57, -38.16, -38.98, -39.85, -39.58, -39.31, -40.98, -38.33, -37.44, -39.46, -41.39, -41.94, -40.68, -39.44, -37.53, -39.04, -39.28, -40.71, -38.96, -41.55, -38.05, -39.48, -38.78, -40.75, -40.06, -39.89, -36.98, -38.42, -38.3, -40.4, -38.63, -41.2, -39.4, -38.96, -39.86, -40.32, -40.11, -38.73, -40.43, -39.61, -41.78, -40.85, -39.47, -37.83, -38.33, -39.34, -43.69, -41.42, -41.59, -40.21, -43.63, -43.63, -48.88, -51.29, -52.02, -49.79, -51.99, -48.83, -49.1, -47.73, -47.02, -48.19, -48.2, -46.95, -47.21, -45.45, -47.64, -47.9, -43.73, -46.79, -47.39, -45.84]"
"[""trend"", ""volatility"", ""seasonal""]",256,"You are a time series analysis expert. Here is a time series of length 256: <<Time_Series>>, please analyze the time series features and answer the following questions:
1. What is the trend of this time series (considering the slope of the curve)? Please choose from [""steady"", ""decreasing"", ""increasing""] and describe the value trend change. Answer format: steady, the starting point value is around 32.10, and the trend change value from left to right is around 0.12.
2. What are the noise characteristics of this time series? Please choose from [""noisy"", ""almost no noise""]. Answer format: noisy, the overall noise standard deviation is around 1.5.
3. What is the periodicity of this time series? Please choose from [""no periodic fluctuation"", ""periodic fluctuation""]. If there is periodic fluctuation, describe the fluctuation frequency and amplitude. Answer format: periodic fluctuation, each period is around 20.58 points, and the amplitude of the periodic fluctuation is around 31.51.
Now, based on the above questions, please strictly follow the output format requirements and provide the answers. Each line corresponds to an answer to a question, formatted as:1. Strictly formatted answer 1
2. Strictly formatted answer 2
3. Strictly formatted answer 3","1. decrease, the starting point value is around -49.00, and the trend change value from left to right is around -27.81.
2. noisy, the overall noise standard deviation is around 1.61.
3. no periodic fluctuation
","[{""type"": ""decrease"", ""start"": -49.0, ""amplitude"": -27.814699092157102}, {""type"": ""noisy"", ""std"": 1.61}, {""type"": ""no periodic fluctuation"", ""period"": 0.0, ""amplitude"": 0.0}]","[-48.99839095697656, -53.519992287228696, -53.14808568430753, -53.343826001634454, -45.964416038409105, -47.27587616449956, -47.33459825969763, -51.40599686009783, -51.22983057450359, -55.82972803168651, -55.67313577782495, -50.46644333692855, -50.36857317826509, -54.59656403252683, -52.3651244149998, -50.40772124173047, -45.22060283256676, -47.119283910638, -51.79747749475169, -51.856199589949775, -53.67658454109024, -54.087639207476805, -57.53266879243081, -47.960967275143815, -50.701331717720876, -50.290277051334314, -49.80092625801698, -51.30812670143436, -51.54301508222668, -63.67891475649649, -71.39108325917762, -63.561470566100326, -61.09514256778098, -60.54706967926557, -56.319078825003835, -61.42790110723677, -60.175163076344404, -63.248286058377246, -59.137739394511655, -65.9690764692216, -76.08885087502402, -73.5246527180412, -73.70081900363543, -90.22130178602853, -93.25527670459599, -84.38824032968594, -89.34047035805733, -72.83956160739693, -83.74229728250707, -75.56035201824129, -87.08945670879761, -78.4377346829472, -74.15102173348738, -72.56552516313923, -73.46593062284312, -64.77506053352732, -65.1273931047158, -69.41410605417562, -52.97191939871329, -53.578714382426774, -64.65761634313115, -66.53672338946971, -58.78540682332318, -55.69270980955765, -50.662183654255486, -53.559140350694086, -56.690985427925, -58.511370379065475, -51.73875539955361, -57.650112982826975, -55.47739546049802, -57.513094760698124, -57.924149427084686, -58.31563006173854, -56.182060602874984, -51.95406974861324, -52.60001279579212, -55.2620811114384, -57.35650250683658, -54.420397746932586, -54.79230434985376, -55.35995127010186, -58.080741680946225, -53.38297406509985, -51.81705152648439, -51.13196041584012, -49.21370530603618, -49.23327933776888, -52.79575311311905, -51.44514492356321, -51.71918136782092, -52.16938409767287, -53.617862445892165, -56.86715171351925, -55.47739546049802, -54.59656403252683, -54.98804466718069, -54.16593533440758, -55.00761869891338, -52.79575311311905, -54.53784193732875, -61.31045691684061, -57.493520728965436, -60.48834758406749, -57.78713120495583, -57.45437266550004, -56.9845959039154, -56.49524511059807, -56.690985427925, -57.53266879243081, -55.085914825844156, -56.9845959039154, -56.63226333272692, -56.1037644759442, -58.159037807877, -56.02546834901343, -54.92932257198262, -57.63053895109429, -59.274757616640514, -80.94321074473193, -126.08092792032257, -62.250010440009895, -57.23905831644041, -57.02374396738079, -80.64960026874154, -121.83336303432813, -131.24847229775358, -65.47972567590428, -60.39047742540403, -74.44463220947777, -111.41997815253532, -139.86104626013858, -62.817657360257996, -60.273033235007865, -66.57587145293509, -93.94036781524025, -171.92331023829016, -82.00020845829737, -63.03297170931762, -60.801532091790584, -59.49007196570014, -57.513094760698124, -59.72496034649245, -61.11471659951367, -60.56664371099827, -57.43479863376735, -55.28165514317109, -56.84757768178655, -56.78885558658846, -56.80842961832117, -57.5522428241635, -56.33865285673652, -56.651837364459624, -58.47222231560009, -57.68926104629235, -58.237333934807765, -57.5913908876289, -59.411775838769366, -60.781958060057896, -63.48317443916956, -62.89595348718876, -61.95639996401948, -64.48145005753692, -63.32658218530801, -67.10437030971781, -61.70193755149448, -57.78713120495583, -60.155589044611716, -60.23388517154248, -59.78368244169053, -60.175163076344404, -57.88500136361929, -60.09686694941363, -60.72323596485982, -61.212586758177146, -59.33347971183859, -61.42790110723677, -62.60234301119837, -63.03297170931762, -63.248286058377246, -59.80325647342323, -61.95639996401948, -61.76065964669256, -61.604067392831006, -61.31045691684061, -61.62364142456371, -60.99727240911752, -63.67891475649649, -59.21603552144243, -59.35305374357128, -61.01684644085021, -60.44919952060211, -61.11471659951367, -63.48317443916956, -60.54706967926557, -60.644939837929044, -62.01512205921756, -60.62536580619634, -60.742809996592506, -64.34443183540807, -60.644939837929044, -60.899402250454045, -63.561470566100326, -64.540172152735, -62.17171431307911, -61.62364142456371, -62.19128834481181, -62.03469609095027, -60.62536580619634, -61.232160789909834, -59.62709018782899, -59.49007196570014, -61.604067392831006, -61.15386466297907, -59.09859133104628, -60.605791774463654, -61.27130885337523, -59.19646148970974, -61.72151158322717, -61.173438694711756, -64.36400586714076, -62.406602693871434, -64.69676440659654, -64.5205981210023, -65.04909697778503, -65.79291018362736, -64.91207875565617, -66.96735208758895, -63.99209926421959, -66.00822453268698, -64.85335666045809, -66.10609469135046, -61.72151158322717, -67.3979807857082, -65.87120631055814, -67.90690561075824, -68.39625640407557, -69.88388281576026, -82.17637474389161, -88.47921296181883, -89.63408083404774, -84.5056845200821, -84.2316480758244, -85.77799658270716, -90.37789403989008, -82.15680071215891, -80.92363671299924, -82.45041118814932, -82.35254102948585, -80.12110141195882, -77.2828668107183, -79.67089868210688, -80.1798235071569, -81.90233829963391, -79.8470649677011, -76.81309004913366]"
"[""trend"", ""seasonal"", ""outlier""]",256,"You are a time series analysis expert. Here is a time series of length 256: <<Time_Series>>, please analyze the time series features and answer the following questions:
1. What is the trend of this time series (considering the slope of the curve)? Please choose from [""steady"", ""decreasing"", ""increasing""] and describe the value trend change. Answer format: steady, the starting point value is around 32.10, and the trend change value from left to right is around 0.12.
2. What is the periodicity of this time series? Please choose from [""no periodic fluctuation"", ""periodic fluctuation""]. If there is periodic fluctuation, describe the fluctuation frequency and amplitude. Answer format: periodic fluctuation, each period is around 20.58 points, and the amplitude of the periodic fluctuation is around 31.51.
3. What are the local characteristic fluctuations of this time series? The optional types of local characteristic fluctuations include: [""continuous downward spike"", ""continuous upward spike"", ""decrease after downward spike"", ""decrease after upward spike"", ""downward convex"", ""downward spike"", ""increase after downward spike"", ""increase after upward spike"", ""rapid decline followed by slow rise"", ""rapid rise followed by slow decline"", ""shake"", ""slow decline followed by rapid rise"", ""slow rise followed by rapid decline"", ""sudden decrease"", ""sudden increase"", ""upward convex"", ""upward spike"", ""wide downward spike"", ""wide upward spike""]. You need to analyze all the characteristic fluctuations that appear in this time series and answer each type, position, and amplitude in the format. Different local characteristic fluctuations should be separated by semicolons. Answer format: shake, position around point 125, amplitude 135.03; small sudden decrease, position around point 102, amplitude 31.05.
Now, based on the above questions, please strictly follow the output format requirements and provide the answers. Each line corresponds to an answer to a question, formatted as:1. Strictly formatted answer 1
2. Strictly formatted answer 2
3. Strictly formatted answer 3","1. keep steady, the starting point value is around 68.64, and the trend change value from left to right is around 3.85.
2. no periodic fluctuation
3. rapid rise followed by slow decline, position around point 113, amplitude 36.26; continuous upward spike, position around point 178, amplitude 48.28
","[{""type"": ""keep steady"", ""start"": 68.64, ""amplitude"": 3.8461018938924587}, {""type"": ""no periodic fluctuation"", ""period"": 0.0, ""amplitude"": 0.0}, [{""type"": ""rapid rise followed by slow decline"", ""position"": 113, ""amplitude"": 36.26}, {""type"": ""continuous upward spike"", ""position"": 178, ""amplitude"": 48.28}]","[68.64376142051873, 68.36903985666927, 64.6145118173933, 66.17126734587359, 66.37272982602985, 67.65476379066067, 70.9880520987008, 67.39835699773451, 70.73164530577463, 62.98449720521983, 63.42405170737897, 64.37641979539043, 63.973494835077894, 68.14926260558971, 61.92224049166858, 66.28115597141337, 57.85636134669655, 63.204274456299395, 64.28484594077395, 59.6145793553331, 65.80497192740764, 66.13463780402698, 69.5411851957603, 65.3654174252485, 68.03937398004992, 61.006501945503715, 58.58895218362845, 60.10907817026214, 66.7573400154191, 65.75002761463774, 67.92948535451013, 60.3654849631883, 65.45699127986498, 61.31785305119976, 64.70608567200979, 59.6145793553331, 61.684148469665715, 58.36917493254888, 61.94055526259188, 56.31792058913957, 64.76102998477968, 63.33247785276248, 63.33247785276248, 58.405804474395474, 62.56325747398398, 62.471683619367504, 61.281223509353175, 64.54125273370012, 65.60350944725137, 66.17126734587359, 68.64376142051873, 62.76471995414027, 65.16395494509221, 62.471683619367504, 65.65845376002126, 61.66583369874242, 65.45699127986498, 62.10538820090155, 68.57050233682554, 67.10532066296174, 65.80497192740764, 64.08338346061768, 58.57063741270515, 60.76840992350084, 63.36910739460908, 68.29578077297609, 65.29215834155531, 60.69515083980765, 64.92586292308937, 61.13470534196679, 64.81597429754957, 61.13470534196679, 64.43136410816032, 65.3654174252485, 59.6878384390263, 63.16764491445281, 63.29584831091589, 58.31423061977899, 60.64020652703776, 60.12739294118543, 61.48268598950944, 65.76834238556103, 63.607199416611934, 61.7940370952055, 61.7940370952055, 54.28498101665355, 62.54494270306069, 58.9369328311711, 63.71708804215172, 61.62920415689582, 65.60350944725137, 62.123702971824855, 66.84891387003559, 62.70977564137037, 62.45336884844421, 64.0101243769245, 62.98449720521983, 61.37279736396965, 55.896680857903725, 61.46437121858615, 59.26659870779045, 65.31047311247859, 58.057823826852825, 61.848981407975394, 58.057823826852825, 63.44236647830227, 63.900235751384706, 67.47161608142771, 62.801349495986855, 68.33241031482268, 65.58519467632807, 69.28477840283414, 66.59250707710942, 65.69508330186784, 63.918550522307996, 64.30316071169725, 63.46068124922556, 99.4675208844283, 92.87420335204122, 85.85964608841832, 100.1634821795136, 96.97671203885984, 93.38701693789355, 87.92921520275091, 97.56278470840537, 91.09767057248138, 79.94397508019324, 65.87823101110082, 76.665631084923, 83.46041109746635, 85.82301654657171, 91.04272625971149, 73.91841544642838, 82.14174759098894, 82.37983961299179, 84.44940872732441, 80.09049324757962, 81.00623179374449, 73.1675098385732, 68.66207619144204, 66.1163230331037, 76.59237200122982, 69.74264767591657, 73.66200865350223, 68.14926260558971, 73.71695296627212, 67.69139333250727, 80.34690004050579, 79.5410501198807, 74.5594324287438, 73.9001006755051, 69.13826023544776, 65.07238109047574, 63.185959685376105, 59.99918954472235, 58.42411924531877, 60.65852129796105, 60.585262214267864, 61.83066663705209, 62.087073429978254, 63.73540281307502, 64.37641979539043, 65.29215834155531, 64.77934475570298, 65.3471026543252, 62.398424535674316, 59.229969165943864, 63.02112674706642, 60.585262214267864, 60.914928090887216, 67.78296718712375, 69.08331592267787, 70.49355328377177, 68.9367977552915, 68.84522390067501, 66.0064344075639, 68.02105920912662, 62.54494270306069, 68.51555802405565, 65.10901063232232, 68.80859435882842, 65.54856513448146, 69.5778147376069, 68.80859435882842, 69.33972271560404, 86.42740398704052, 123.588074190411, 110.14503233271068, 71.73895770655601, 71.83053156117248, 70.3653498873087, 103.6616034258634, 141.9577894264783, 84.5226678110176, 73.8085268208886, 73.36897231872948, 98.16717214887417, 129.79678153340882, 98.97302206949927, 68.14926260558971, 72.21514175056173, 91.06104103063477, 119.66871321282535, 125.80416147212998, 80.2186966440427, 71.18951457885707, 70.74996007669795, 67.78296718712375, 73.77189727904201, 75.43854143306207, 73.73526773719541, 70.9880520987008, 72.80121442010724, 68.64376142051873, 67.52656039419759, 68.62544664959543, 69.79759198868648, 68.97342729713809, 69.90748061422626, 72.50817808533449, 73.53380525703915, 73.40560186057606, 70.54849759654167, 70.01736923976604, 69.85253630145637, 74.65100628336029, 74.00998930104487, 76.665631084923, 70.21883171992232, 74.15650746843126, 71.55580999732302, 73.49717571519255, 73.64369388257893, 73.47886094426924, 79.13812515956816, 75.45685620398538, 72.87447350380043, 74.77920967982337, 74.54111765782051, 75.31033803659899, 73.27739846411298, 78.53373771909935, 75.53011528767857, 78.47879340632944, 70.56681236746496, 76.07955841537749, 72.94773258749362, 75.42022666213877, 72.17851220871513, 77.06855604523554, 75.36528234936888, 70.64007145115815, 69.88916584330295, 71.39097705901334, 72.98436212934023, 72.4898633144112]"
"[""outlier"", ""trend"", ""volatility"", ""seasonal""]",256,"You are a time series analysis expert. Here is a time series of length 256: <<Time_Series>>, please analyze the time series features and answer the following questions:
1. What are the local characteristic fluctuations of this time series? The optional types of local characteristic fluctuations include: [""continuous downward spike"", ""continuous upward spike"", ""decrease after downward spike"", ""decrease after upward spike"", ""downward convex"", ""downward spike"", ""increase after downward spike"", ""increase after upward spike"", ""rapid decline followed by slow rise"", ""rapid rise followed by slow decline"", ""shake"", ""slow decline followed by rapid rise"", ""slow rise followed by rapid decline"", ""sudden decrease"", ""sudden increase"", ""upward convex"", ""upward spike"", ""wide downward spike"", ""wide upward spike""]. You need to analyze all the characteristic fluctuations that appear in this time series and answer each type, position, and amplitude in the format. Different local characteristic fluctuations should be separated by semicolons. Answer format: shake, position around point 125, amplitude 135.03; small sudden decrease, position around point 102, amplitude 31.05.
2. What is the trend of this time series (considering the slope of the curve)? Please choose from [""steady"", ""decreasing"", ""increasing""] and describe the value trend change. Answer format: steady, the starting point value is around 32.10, and the trend change value from left to right is around 0.12.
3. What are the noise characteristics of this time series? Please choose from [""noisy"", ""almost no noise""]. Answer format: noisy, the overall noise standard deviation is around 1.5.
4. What is the periodicity of this time series? Please choose from [""no periodic fluctuation"", ""periodic fluctuation""]. If there is periodic fluctuation, describe the fluctuation frequency and amplitude. Answer format: periodic fluctuation, each period is around 20.58 points, and the amplitude of the periodic fluctuation is around 31.51.
Now, based on the above questions, please strictly follow the output format requirements and provide the answers. Each line corresponds to an answer to a question, formatted as:1. Strictly formatted answer 1
2. Strictly formatted answer 2
3. Strictly formatted answer 3
4. Strictly formatted answer 4","1. increase after downward spike, position around point 125, amplitude 19.06
2. increase, the starting point value is around -56.09, and the trend change value from left to right is around 38.70.
3. noisy, the overall noise standard deviation is around 0.75.
4. no periodic fluctuation
","[{""type"": ""increase after downward spike"", ""position"": 125, ""amplitude"": 19.06}], {""type"": ""increase"", ""start"": -56.09, ""amplitude"": 38.70276059678376}, {""type"": ""noisy"", ""std"": 0.75}, {""type"": ""no periodic fluctuation"", ""period"": 0.0, ""amplitude"": 0.0}]","[-56.09444833653059, -60.09590457479065, -60.15867927639737, -57.718485388582465, -55.4942837140679, -54.42627565192576, -57.56376303698444, -52.785771075801094, -54.512956362251636, -54.27080088037553, -55.2229552838072, -55.83206323082068, -55.6407294461917, -57.43144185420118, -54.16539538612024, -56.18480543174185, -59.1825331493709, -60.846191314262526, -56.50018377967987, -58.74829146291361, -55.190020235661606, -55.79912818267509, -54.70570927190938, -53.72663917994974, -56.22885534941917, -58.59131185145898, -58.78114079618355, -56.15036554369186, -59.47843429342732, -57.15258922441847, -56.554681861812384, -56.23629383406555, -56.65482041640226, -53.820758374922015, -55.6877033288022, -52.68847077126875, -53.38651668846472, -50.1839973419427, -54.642848855427026, -51.05916677955147, -52.443305609583824, -54.55165362538792, -52.11145973757301, -52.987381595133975, -56.658496801287626, -49.78410982865976, -52.324442271064555, -52.387216972671276, -52.72951100913726, -51.55985955250085, -51.228766100442236, -50.64356416214793, -48.39395163900979, -52.23023736121665, -49.12936140918892, -53.94396480340321, -47.336391741322835, -51.59195646581859, -48.656251029844064, -45.84759983698739, -50.255629653224574, -49.25114871264135, -50.06354344864339, -47.57252786358134, -51.05306170505822, -48.66368951449044, -46.78253429639407, -50.8094013832777, -50.35125368810124, -46.056067850765714, -47.592671772539504, -45.82586537324919, -50.31012773535708, -49.07694915716173, -48.13599533813744, -49.49472331954623, -51.15838148443786, -46.875901071414134, -46.23987743587268, -47.433434901228274, -48.76675203401348, -47.97826330673061, -49.23534789364513, -47.06196791637769, -44.85047166617491, -47.70843971637432, -48.787648362923846, -48.215151848941325, -45.06345419966646, -45.875848935668486, -49.05145259366252, -45.40424339622804, -47.76669989826784, -47.21961423290889, -45.910203108842836, -44.53726486321786, -46.124690482238776, -42.807822316910695, -45.79284461022797, -44.90271248845082, -47.176231020308116, -46.870548416873085, -48.8899584624947, -43.51481155865745, -48.837631925343146, -44.745732876996186, -46.28233679876996, -43.47368560591329, -46.1664831400595, -43.06560718803176, -42.88697882771457, -42.51776910272061, -43.78755911394691, -42.94824868941689, -42.15975996213403, -46.135805351770514, -42.6029449731421, -44.34283568390444, -44.08797477771653, -45.06554002977178, -42.90486547681613, -41.76062486880328, -44.580476646067346, -45.55804189812258, -41.92353812499989, -45.14996348024106, -44.526645269011404, -40.76508725277085, -62.579548376153426, -41.47508617432641, -39.759101472283234, -38.6021554399586, -37.64849619662253, -38.21948787070065, -33.92430203336513, -32.88170481984656, -31.089487571932683, -33.909339349196735, -31.685137674682178, -32.17989680288959, -32.852531871461984, -32.91530657306871, -30.67839947424236, -30.51247653823695, -30.079739691684058, -31.438467673092852, -28.210537477947266, -30.293474645127798, -28.50125739721392, -28.322629036896725, -27.78824879584956, -29.33755814193512, -27.99003074493372, -28.433968175893988, -26.362231593120836, -26.374184597480422, -24.874192108737596, -26.436206879134946, -27.274012463760553, -26.231415250241987, -27.793430020639335, -29.063220031865626, -28.554250639442028, -28.439149400683764, -27.19326539817663, -27.738846223631185, -26.683543585800837, -27.966039021338908, -27.012379778002835, -27.113270752544917, -26.172316933520623, -26.921184547963737, -26.310571761045857, -25.483966760827638, -25.559446886746144, -25.393523950740743, -24.706678617952154, -25.125205200288846, -24.54000326199454, -23.82774708058238, -24.33521163310158, -27.091536288806708, -25.312024465204622, -23.799326552150003, -24.103504315680638, -23.27689931546242, -25.02949545053654, -24.152068753071177, -24.3037814248604, -24.874773098938523, -22.726803970294664, -24.49210552968057, -23.817965621203765, -22.64831416456735, -24.223034359276483, -24.031700574647505, -23.141568452870352, -24.18266082648452, -24.13108670928518, -23.20283831457267, -23.03691537856727, -21.39716322239481, -22.374728474450052, -24.356022247136305, -21.763363267579972, -23.554075675589452, -22.371718794641243, -20.89713715452199, -22.7386712597786, -21.785012016442536, -21.263337199707145, -20.894127474713187, -21.0458401465024, -22.26480846048155, -22.810389285936107, -21.462861888934697, -21.830566774024266, -21.69005468664243, -21.092147324036336, -21.45985220912589, -20.87465027083158, -20.721432759137958, -21.533827495140002, -20.516641130245, -21.392562987805963, -21.366399719230195, -21.00989541854801, -20.539042299059766, -19.8267861176476, -21.744552768774934, -19.25353718371288, -19.39254443119032, -19.6586059217856, -20.191481322928365, -20.000147538299387, -22.61671252657489, -19.99864269839498, -18.740053271576077, -19.399982915836695, -20.148850530279798, -21.393229692882525, -19.410431080291872, -20.680221091518167, -20.13313542615921, -19.814747398412383, -18.848382730764527, -20.067351044743674, -19.621908773879007, -20.853582512169943, -18.642086261967165, -21.16971328006017, -18.53893802756848, -20.532937224566517, -19.109177281694397, -20.671192052091747, -17.494083554193306]"
"[""seasonal"", ""volatility"", ""trend""]",256,"You are a time series analysis expert. Here is a time series of length 256: <<Time_Series>>, please analyze the time series features and answer the following questions:
1. What is the periodicity of this time series? Please choose from [""no periodic fluctuation"", ""periodic fluctuation""]. If there is periodic fluctuation, describe the fluctuation frequency and amplitude. Answer format: periodic fluctuation, each period is around 20.58 points, and the amplitude of the periodic fluctuation is around 31.51.
2. What are the noise characteristics of this time series? Please choose from [""noisy"", ""almost no noise""]. Answer format: noisy, the overall noise standard deviation is around 1.5.
3. What is the trend of this time series (considering the slope of the curve)? Please choose from [""steady"", ""decreasing"", ""increasing""] and describe the value trend change. Answer format: steady, the starting point value is around 32.10, and the trend change value from left to right is around 0.12.
Now, based on the above questions, please strictly follow the output format requirements and provide the answers. Each line corresponds to an answer to a question, formatted as:1. Strictly formatted answer 1
2. Strictly formatted answer 2
3. Strictly formatted answer 3","1. no periodic fluctuation
2. noisy, the overall noise standard deviation is around 1.25.
3. keep steady, the starting point value is around 81.55, and the trend change value from left to right is around 2.10.
","[{""type"": ""no periodic fluctuation"", ""period"": 0.0, ""amplitude"": 0.0}, {""type"": ""noisy"", ""std"": 1.25}, {""type"": ""keep steady"", ""start"": 81.55, ""amplitude"": 2.1}]","[81.54774441777346, 81.39774441777347, 79.34774441777347, 80.19774441777346, 80.30774441777348, 81.00774441777347, 82.82774441777346, 80.86774441777347, 82.68774441777347, 78.45774441777347, 78.69774441777346, 79.21774441777347, 78.99774441777348, 81.27774441777348, 77.87774441777347, 80.25774441777347, 75.65774441777347, 78.57774441777346, 79.16774441777346, 76.61774441777347, 79.99774441777348, 80.17774441777347, 82.03774441777347, 79.75774441777347, 81.21774441777347, 77.37774441777347, 76.05774441777346, 76.88774441777346, 80.51774441777347, 79.96774441777347, 81.15774441777347, 77.02774441777348, 79.80774441777348, 77.54774441777346, 79.39774441777347, 76.61774441777347, 77.74774441777348, 75.93774441777347, 77.88774441777346, 74.81774441777347, 79.42774441777347, 78.64774441777347, 78.64774441777347, 75.95774441777347, 78.22774441777347, 78.17774441777347, 77.52774441777348, 79.30774441777348, 79.88774441777346, 80.19774441777346, 81.54774441777346, 78.33774441777348, 79.64774441777347, 78.17774441777347, 79.91774441777346, 77.73774441777347, 79.80774441777348, 77.97774441777347, 81.50774441777347, 80.70774441777347, 79.99774441777348, 79.05774441777348, 76.04774441777347, 77.24774441777348, 78.66774441777346, 81.35774441777346, 79.71774441777347, 77.20774441777347, 79.51774441777347, 77.44774441777346, 79.45774441777347, 77.44774441777346, 79.24774441777348, 79.75774441777347, 76.65774441777347, 78.55774441777348, 78.62774441777347, 75.90774441777347, 77.17774441777347, 76.89774441777347, 77.63774441777346, 79.97774441777347, 78.79774441777346, 77.80774441777348, 77.80774441777348, 73.70774441777347, 78.21774441777347, 76.24774441777348, 78.85774441777346, 77.71774441777347, 79.88774441777346, 77.98774441777347, 80.56774441777347, 78.30774441777348, 78.16774441777346, 79.01774441777347, 78.45774441777347, 77.57774441777346, 74.58774441777346, 77.62774441777347, 76.42774441777347, 79.72774441777347, 75.76774441777347, 77.83774441777348, 75.76774441777347, 78.70774441777347, 78.95774441777347, 80.90774441777347, 78.35774441777346, 81.37774441777347, 79.87774441777347, 81.89774441777347, 80.42774441777347, 79.93774441777347, 78.96774441777347, 79.17774441777347, 78.71774441777347, 98.37774441777347, 94.77774441777348, 90.94774441777346, 98.75774441777347, 97.01774441777347, 95.05774441777348, 92.07774441777346, 97.33774441777348, 93.80774441777348, 87.71774441777347, 80.03774441777347, 85.92774441777347, 89.63774441777346, 90.92774441777347, 93.77774441777348, 84.42774441777347, 88.91774441777346, 89.04774441777346, 90.17774441777347, 87.79774441777346, 88.29774441777346, 84.01774441777347, 81.55774441777348, 80.16774441777346, 85.88774441777346, 82.14774441777347, 84.28774441777347, 81.27774441777348, 84.31774441777347, 81.02774441777348, 87.93774441777347, 87.49774441777348, 84.77774441777348, 84.41774441777346, 81.81774441777347, 79.59774441777347, 78.56774441777347, 76.82774441777346, 75.96774441777347, 77.18774441777347, 77.14774441777347, 77.82774441777346, 77.96774441777347, 78.86774441777347, 79.21774441777347, 79.71774441777347, 79.43774441777347, 79.74774441777348, 78.13774441777346, 76.40774441777347, 78.47774441777347, 77.14774441777347, 77.32774441777346, 81.07774441777346, 81.78774441777347, 82.55774441777348, 81.70774441777347, 81.65774441777347, 80.10774441777346, 81.20774441777347, 78.21774441777347, 81.47774441777347, 79.61774441777347, 81.63774441777346, 79.85774441777346, 82.05774441777348, 81.63774441777346, 81.92774441777347, 91.25774441777347, 111.54774441777347, 104.20774441777347, 83.23774441777347, 83.28774441777347, 82.48774441777347, 100.66774441777346, 121.57774441777347, 90.21774441777347, 84.36774441777347, 84.12774441777347, 97.66774441777346, 114.93774441777347, 98.10774441777346, 81.27774441777348, 83.49774441777348, 93.78774441777347, 109.40774441777347, 112.75774441777347, 87.86774441777347, 82.93774441777347, 82.69774441777346, 81.07774441777346, 84.34774441777347, 85.25774441777347, 84.32774441777346, 82.82774441777346, 83.81774441777347, 81.54774441777346, 80.93774441777347, 81.53774441777347, 82.17774441777347, 81.72774441777347, 82.23774441777347, 83.65774441777347, 84.21774441777347, 84.14774441777347, 82.58774441777348, 82.29774441777346, 82.20774441777347, 84.82774441777346, 84.47774441777347, 85.92774441777347, 82.40774441777347, 84.55774441777348, 83.13774441777346, 84.19774441777346, 84.27774441777348, 84.18774441777347, 87.27774441777348, 85.26774441777347, 83.85774441777346, 84.89774441777347, 84.76774441777347, 85.18774441777347, 84.07774441777346, 86.94774441777346, 85.30774441777348, 86.91774441777346, 82.59774441777347, 85.60774441777346, 83.89774441777347, 85.24774441777348, 83.47774441777347, 86.14774441777347, 85.21774441777347, 82.63774441777346, 82.22774441777347, 83.04774441777346, 83.91774441777346, 83.64774441777347]"
"[""trend"", ""seasonal"", ""volatility""]",256,"You are a time series analysis expert. Here is a time series of length 256: <<Time_Series>>, please analyze the time series features and answer the following questions:
1. What is the trend of this time series (considering the slope of the curve)? Please choose from [""steady"", ""decreasing"", ""increasing""] and describe the value trend change. Answer format: steady, the starting point value is around 32.10, and the trend change value from left to right is around 0.12.
2. What is the periodicity of this time series? Please choose from [""no periodic fluctuation"", ""periodic fluctuation""]. If there is periodic fluctuation, describe the fluctuation frequency and amplitude. Answer format: periodic fluctuation, each period is around 20.58 points, and the amplitude of the periodic fluctuation is around 31.51.
3. What are the noise characteristics of this time series? Please choose from [""noisy"", ""almost no noise""]. Answer format: noisy, the overall noise standard deviation is around 1.5.
Now, based on the above questions, please strictly follow the output format requirements and provide the answers. Each line corresponds to an answer to a question, formatted as:1. Strictly formatted answer 1
2. Strictly formatted answer 2
3. Strictly formatted answer 3","1. decrease, the starting point value is around 14.29, and the trend change value from left to right is around -46.82.
2. no periodic fluctuation
3. noisy, the overall noise standard deviation is around 0.93.
","[{""type"": ""decrease"", ""start"": 14.29, ""amplitude"": -46.82195240681249}, {""type"": ""no periodic fluctuation"", ""period"": 0.0, ""amplitude"": 0.0}, {""type"": ""noisy"", ""std"": 0.93}]","[14.291397471382197, 14.894827344793079, 14.778257218203969, 14.661687091614859, 15.125116965025754, 14.598546838436633, 12.451976711847529, 14.955406585258416, 17.298836458669303, 14.922266332080191, 14.655696205491083, 15.949126078901969, 13.72255595231286, 14.10598582572375, 10.999415699134637, 10.742845572545527, 14.576275445956412, 14.159705319367298, 11.893135192778189, 9.396565066189076, 12.499994939599972, 15.21342481301086, 15.526854686421743, 14.970284559832635, 15.323714433243524, 14.417144306654407, 13.330574180065298, 13.49400405347619, 14.867433926887074, 13.000863800297964, 6.464293673708852, 13.767723547119743, 10.341153420530631, 10.284583293941523, 6.158013167352408, 8.881443040763294, 6.774872914174189, 6.508302787585073, 2.7817326609959636, 5.955162534406853, 3.748592407817739, 6.302022281228631, 5.72545215463952, 6.908882028050407, 4.702311901461293, 7.305741774872189, 3.8591716482830734, 3.002601521693961, 5.376031395104853, 6.029461268515746, 4.982891141926629, 9.016321015337518, 8.019750888748405, 7.713180762159297, 6.146610635570184, 6.040040508981072, 5.543470382391959, 5.086900255802853, 3.4703301292137354, 4.243760002624626, 3.8671898760355106, 5.470619749446406, 5.084049622857293, 4.477479496268188, 3.8409093696790677, 3.7543392430899587, 4.077769116500846, 3.651198989911734, 7.574628863322623, 4.818058736733512, 4.041488610144398, 1.9549184835552893, 1.8883483569661763, 2.8817782303770727, 0.6952081037879623, 0.18863797719884445, 2.3920678506097346, 3.415497724020625, 0.8989275974315092, 0.2723574708423939, 3.485787344253289, 2.9392172176641793, 4.282647091075063, 3.0860769644859545, 5.099506837896847, 4.072936711307733, 4.266366584718625, 3.13979645812951, 3.653226331540395, 1.026656204951287, -2.599913921637821, 2.403515951773066, 3.8569458251839563, 2.980375698594841, -0.9561944279942693, -0.19276455458337693, -1.75933468117249, -1.7659048077616006, -4.182474934350715, -1.8190450609398283, -2.5056151875289316, -2.7221853141180503, -0.8587554407071565, -2.7553255672962678, -1.921895693885375, -1.958465820474494, -2.3450359470636073, -4.831606073652715, -2.0481762002418265, -2.224746326830939, -2.4613164534200536, -3.637886580009166, -1.3944567065982767, -2.601026833187383, -3.427596959776494, -2.8341670863656034, -2.270737212954714, -13.277307339543832, -21.803877466132946, -16.05044759272205, -20.337017719311163, -16.593587845900274, -20.530157972489377, -18.356728099078495, -20.273298225667617, -21.12986835225672, -20.93643847884583, -20.453008605434945, -22.08957873202405, -22.476148858613158, -21.54271898520227, -20.439289111791382, -17.52585923838049, -15.942429364969612, -18.60899949155872, -16.33556961814783, -9.98213974473694, -11.008709871326054, -14.305279997915164, -14.191850124504278, -9.308420251093388, -8.284990377682504, -7.78156050427161, -7.518130630860725, -6.944700757449837, -4.901270884038944, -4.667841010628052, -9.60441113721717, -7.240981263806276, -8.19755139039539, -10.574121516984505, -7.630691643573613, -7.077261770162721, -8.003831896751834, -12.510402023340944, -11.20697214993006, -15.353542276519171, -13.440112403108287, -14.286682529697394, -14.533252656286507, -14.119822782875616, -13.796392909464728, -13.452963036053838, -13.239533162642942, -12.99610328923206, -11.952673415821174, -13.559243542410286, -16.065813668999397, -14.122383795588505, -14.038953922177619, -13.065524048766733, -13.952094175355839, -15.558664301944951, -14.68523442853406, -14.971804555123171, -15.818374681712285, -16.0249448083014, -16.42151493489051, -15.838085061479617, -15.854655188068733, -15.691225314657835, -15.647795441246956, -16.71436556783607, -17.73093569442517, -18.22750582101429, -18.254075947603397, -16.9706460741925, -26.29721620078162, -47.573786327370726, -31.940356453959836, -20.14692658054895, -18.803496707138066, -18.66006683372717, -34.006636960316285, -52.09320708690541, -23.299777213494508, -20.94634734008362, -20.36291746667274, -37.56948759326184, -52.556057719850955, -31.932627846440056, -21.149197973029175, -20.435768099618286, -30.842338226207403, -41.41890835279651, -40.855478479385624, -21.932048605974728, -19.48861873256385, -21.785188859152953, -21.821758985742065, -23.768329112331173, -23.604899238920297, -22.70146936550941, -22.968039492098512, -23.714609618687632, -24.051179745276727, -22.947749871865852, -25.53431999845496, -24.880890125044075, -26.86746025163319, -24.944030378222294, -27.0806005048114, -24.697170631400525, -26.70374075798962, -24.26031088457873, -26.236881011167853, -25.99345113775695, -26.830021264346072, -24.60659139093518, -24.97316151752429, -26.1997316441134, -25.526301770702517, -26.382871897291622, -27.829442023880745, -27.666012150469854, -26.47258227705896, -27.509152403648073, -26.16572253023719, -26.522292656826295, -26.918862783415406, -28.755432910004515, -26.762003036593626, -29.148573163182732, -27.775143289771847, -28.10171341636095, -28.268283542950073, -31.154853669539193, -28.52142379612829, -27.68799392271741, -27.81456404930651, -29.28113417589563, -30.377704302484744, -30.744274429073855, -30.310844555662953, -33.49741468225207, -32.363984808841195]"
"[""volatility"", ""outlier"", ""trend""]",256,"You are a time series analysis expert. Here is a time series of length 256: <<Time_Series>>, please analyze the time series features and answer the following questions:
1. What are the noise characteristics of this time series? Please choose from [""noisy"", ""almost no noise""]. Answer format: noisy, the overall noise standard deviation is around 1.5.
2. What are the local characteristic fluctuations of this time series? The optional types of local characteristic fluctuations include: [""continuous downward spike"", ""continuous upward spike"", ""decrease after downward spike"", ""decrease after upward spike"", ""downward convex"", ""downward spike"", ""increase after downward spike"", ""increase after upward spike"", ""rapid decline followed by slow rise"", ""rapid rise followed by slow decline"", ""shake"", ""slow decline followed by rapid rise"", ""slow rise followed by rapid decline"", ""sudden decrease"", ""sudden increase"", ""upward convex"", ""upward spike"", ""wide downward spike"", ""wide upward spike""]. You need to analyze all the characteristic fluctuations that appear in this time series and answer each type, position, and amplitude in the format. Different local characteristic fluctuations should be separated by semicolons. Answer format: shake, position around point 125, amplitude 135.03; small sudden decrease, position around point 102, amplitude 31.05.
3. What is the trend of this time series (considering the slope of the curve)? Please choose from [""steady"", ""decreasing"", ""increasing""] and describe the value trend change. Answer format: steady, the starting point value is around 32.10, and the trend change value from left to right is around 0.12.
Now, based on the above questions, please strictly follow the output format requirements and provide the answers. Each line corresponds to an answer to a question, formatted as:1. Strictly formatted answer 1
2. Strictly formatted answer 2
3. Strictly formatted answer 3","1. noisy, the overall noise standard deviation is around 1.25.
2. rapid rise followed by slow decline, position around point 113, amplitude 19.80; continuous upward spike, position around point 178, amplitude 26.36
3. decrease, the starting point value is around 37.48, and the trend change value from left to right is around -37.88.
","[{""type"": ""noisy"", ""std"": 1.25}, [{""type"": ""rapid rise followed by slow decline"", ""position"": 113, ""amplitude"": 19.8}, {""type"": ""continuous upward spike"", ""position"": 178, ""amplitude"": 26.36}], {""type"": ""decrease"", ""start"": 37.48, ""amplitude"": -37.88115101585629}]","[37.48, 37.17382362884431, 34.967647257688625, 35.66147088653294, 35.61529451537725, 36.15911814422155, 37.822941773065864, 35.706765401910175, 37.37058903075449, 32.9844126595988, 33.06823628844312, 33.432059917287425, 33.05588354613174, 35.179707174976045, 31.623530803820362, 33.847354432664666, 29.09117806150898, 31.85500169035329, 32.288825319197606, 29.582648948041914, 32.80647257688623, 32.83029620573054, 34.53411983457485, 32.097943463419156, 33.40176709226347, 29.405590721107785, 27.929414349952093, 28.603237978796408, 32.07706160764072, 31.37088523648503, 32.40470886532935, 28.118532494173653, 30.742356123017966, 28.32617975186227, 30.020003380706584, 27.083827009550895, 28.05765063839521, 26.09147426723952, 27.885297896083834, 24.659121524928143, 29.112945153772454, 28.176768782616765, 28.020592411461074, 25.17441604030539, 27.288239669149696, 27.08206329799401, 26.275886926838325, 27.899710555682635, 28.323534184526945, 28.47735781337126, 29.671181442215566, 26.30500507105988, 27.45882869990419, 25.8326523287485, 27.416475957592816, 25.08029958643713, 26.99412321528144, 25.007946844125744, 28.381770472970057, 27.42559410181437, 26.55941773065868, 25.463241359502994, 22.297064988347305, 23.340888617191617, 24.60471224603593, 27.13853587488024, 25.34235950372455, 22.676183132568863, 24.830006761413173, 22.603830390257485, 24.457654019101795, 22.29147764794611, 23.93530127679042, 24.28912490563473, 21.032948534479043, 22.776772163323354, 22.690595792167667, 19.814419421011976, 20.928243049856285, 20.492066678700596, 21.07589030754491, 23.25971393638922, 21.92353756523353, 20.777361194077844, 20.621184822922157, 16.365008451766464, 20.718832080610774, 18.592655709455087, 21.0464793382994, 19.75030296714371, 21.764126595988024, 19.707950224832338, 22.131773853676645, 19.71559748252096, 19.419421111365267, 20.11324474020958, 19.39706836905389, 18.3608919978982, 15.214715626742514, 18.09853925558683, 16.742362884431138, 19.886186513275444, 15.770010142119759, 17.683833770964075, 15.45765739980838, 18.241481028652693, 18.335304657497005, 20.12912828634132, 17.422951915185628, 20.28677554402994, 18.630599172874252, 20.49442280171856, 18.868246430562873, 18.22207005940718, 17.095893688251493, 17.149717317095806, 16.533540945940118, 36.037364574784434, 32.281188203628744, 28.295011832473055, 35.94883546131736, 34.05265909016168, 31.936482719005987, 28.800306347850295, 33.90412997669461, 30.217953605538924, 23.97177723438323, 16.13560086322754, 21.869424492071854, 25.423248120916167, 26.55707174976048, 29.25089537860479, 19.7447190074491, 24.078542636293413, 24.05236626513772, 25.026189893982032, 22.49001352282634, 22.833837151670654, 18.397660780514972, 15.781484409359283, 14.235308038203591, 19.799131667047902, 15.902955295892212, 17.886778924736525, 14.720602553580836, 17.604426182425147, 14.15824981126946, 20.91207344011377, 20.31589706895808, 17.439720697802393, 16.923544326646706, 14.167367955491017, 11.79119158433533, 10.605015213179637, 8.708838842023948, 7.69266247086826, 8.756486099712571, 8.56030972855688, 9.084133357401193, 9.067956986245505, 9.811780615089816, 10.00560424393413, 10.349427872778438, 9.91325150162275, 10.067075130467064, 8.300898759311377, 6.414722388155688, 8.328546016999994, 6.8423696458443075, 6.866193274688619, 10.460016903532928, 11.013840532377241, 11.627664161221556, 10.621487790065867, 10.415311418910182, 8.709135047754486, 9.6529586765988, 6.50678230544311, 9.61060593428742, 7.59442956313173, 9.458253191976045, 7.522076820820356, 9.565900449664671, 8.989724078508981, 9.12354770735329, 18.2973713361976, 38.43119496504192, 30.935018593886227, 9.808842222730537, 9.702665851574846, 8.74648948041916, 26.770313109263473, 47.524136738107785, 16.00796036695209, 10.001783995796401, 9.605607624640719, 22.98943125348503, 40.10325488232934, 23.11707851117365, 6.130902140017962, 8.194725768862273, 18.32854939770658, 33.7923730265509, 36.986196655395204, 11.940020284239516, 6.8538439130838285, 6.457667541928146, 4.681491170772453, 7.7953147996167615, 8.54913842846107, 7.462962057305383, 5.806785686149695, 6.640609314994009, 4.214432943838318, 3.448256572682631, 3.8920802015269444, 4.375903830371257, 3.7697274592155594, 4.123551088059877, 5.387374716904191, 5.791198345748498, 5.56502197459281, 3.848845603437127, 3.4026692322814327, 3.1564928611257486, 5.620316489970058, 5.114140118814362, 6.407963747658677, 2.731787376502993, 4.725611005347304, 3.149434634191614, 4.053258263035929, 3.977081891880239, 3.730905520724548, 6.664729149568856, 4.4985527784131705, 2.932376407257479, 3.8162000361017903, 3.530023664946107, 3.7938472937904137, 2.5276709226347265, 5.241494551479043, 3.445318180323355, 4.899141809167659, 0.4229654380119712, 3.2767890668562814, 1.4106126957005927, 2.6044363245449063, 0.6782599533892153, 3.192083582233529, 2.1059072110778416, -0.6302691600778445, -1.1964455312335431, -0.5326219023892307, 0.18120172645508603, -0.24497464470060493]"
